date_key,calendar_date,year_month,calendar_year,month_name,day_name,is_weekend,orders,valid_orders,canceled_orders,delivered_orders,active_customers,revenue,item_revenue,freight_revenue,units_sold,avg_order_value,cancellation_rate_pct,late_delivery_rate_pct,avg_review_score,avg_days_to_deliver,revenue_7d_avg
20160901,2016-09-01,2016-09,2016,Sep,Thursday,0,0,0,0,0,0,0.0,0.0,0.0,0.0,,,,,,0.0
20160902,2016-09-02,2016-09,2016,Sep,Friday,0,0,0,0,0,0,0.0,0.0,0.0,0.0,,,,,,0.0
20160903,2016-09-03,2016-09,2016,Sep,Saturday,1,0,0,0,0,0,0.0,0.0,0.0,0.0,,,,,,0.0
20160904,2016-09-04,2016-09,2016,Sep,Sunday,1,1,1,0,0,1,136.23,72.89,63.34,2.0,136.23,0.0,,1.0,,34.06
20160905,2016-09-05,2016-09,2016,Sep,Monday,0,1,0,1,0,1,0.0,0.0,0.0,0.0,,100.0,,1.0,,27.25
20160906,2016-09-06,2016-09,2016,Sep,Tuesday,0,0,0,0,0,0,0.0,0.0,0.0,0.0,,,,,,22.71
20160907,2016-09-07,2016-09,2016,Sep,Wednesday,0,0,0,0,0,0,0.0,0.0,0.0,0.0,,,,,,19.46
20160908,2016-09-08,2016-09,2016,Sep,Thursday,0,0,0,0,0,0,0.0,0.0,0.0,0.0,,,,,,19.46
20160909,2016-09-09,2016-09,2016,Sep,Friday,0,0,0,0,0,0,0.0,0.0,0.0,0.0,,,,,,19.46
20160910,2016-09-10,2016-09,2016,Sep,Saturday,1,0,0,0,0,0,0.0,0.0,0.0,0.0,,,,,,19.46
20160911,2016-09-11,2016-09,2016,Sep,Sunday,1,0,0,0,0,0,0.0,0.0,0.0,0.0,,,,,,0.0
20160912,2016-09-12,2016-09,2016,Sep,Monday,0,0,0,0,0,0,0.0,0.0,0.0,0.0,,,,,,0.0
20160913,2016-09-13,2016-09,2016,Sep,Tuesday,0,1,0,1,0,1,0.0,0.0,0.0,0.0,,100.0,,1.0,,0.0
20160914,2016-09-14,2016-09,2016,Sep,Wednesday,0,0,0,0,0,0,0.0,0.0,0.0,0.0,,,,,,0.0
20160915,2016-09-15,2016-09,2016,Sep,Thursday,0,1,1,0,1,1,143.46,134.97,8.49,3.0,143.46,0.0,100.0,1.0,55.0,20.49
20160916,2016-09-16,2016-09,2016,Sep,Friday,0,0,0,0,0,0,0.0,0.0,0.0,0.0,,,,,,20.49
20160917,2016-09-17,2016-09,2016,Sep,Saturday,1,0,0,0,0,0,0.0,0.0,0.0,0.0,,,,,,20.49
20160918,2016-09-18,2016-09,2016,Sep,Sunday,1,0,0,0,0,0,0.0,0.0,0.0,0.0,,,,,,20.49
20160919,2016-09-19,2016-09,2016,Sep,Monday,0,0,0,0,0,0,0.0,0.0,0.0,0.0,,,,,,20.49
20160920,2016-09-20,2016-09,2016,Sep,Tuesday,0,0,0,0,0,0,0.0,0.0,0.0,0.0,,,,,,20.49
20160921,2016-09-21,2016-09,2016,Sep,Wednesday,0,0,0,0,0,0,0.0,0.0,0.0,0.0,,,,,,20.49
20160922,2016-09-22,2016-09,2016,Sep,Thursday,0,0,0,0,0,0,0.0,0.0,0.0,0.0,,,,,,0.0
20160923,2016-09-23,2016-09,2016,Sep,Friday,0,0,0,0,0,0,0.0,0.0,0.0,0.0,,,,,,0.0
20160924,2016-09-24,2016-09,2016,Sep,Saturday,1,0,0,0,0,0,0.0,0.0,0.0,0.0,,,,,,0.0
20160925,2016-09-25,2016-09,2016,Sep,Sunday,1,0,0,0,0,0,0.0,0.0,0.0,0.0,,,,,,0.0
20160926,2016-09-26,2016-09,2016,Sep,Monday,0,0,0,0,0,0,0.0,0.0,0.0,0.0,,,,,,0.0
20160927,2016-09-27,2016-09,2016,Sep,Tuesday,0,0,0,0,0,0,0.0,0.0,0.0,0.0,,,,,,0.0
20160928,2016-09-28,2016-09,2016,Sep,Wednesday,0,0,0,0,0,0,0.0,0.0,0.0,0.0,,,,,,0.0
20160929,2016-09-29,2016-09,2016,Sep,Thursday,0,0,0,0,0,0,0.0,0.0,0.0,0.0,,,,,,0.0
20160930,2016-09-30,2016-09,2016,Sep,Friday,0,0,0,0,0,0,0.0,0.0,0.0,0.0,,,,,,0.0
20161001,2016-10-01,2016-10,2016,Oct,Saturday,1,0,0,0,0,0,0.0,0.0,0.0,0.0,,,,,,0.0
20161002,2016-10-02,2016-10,2016,Oct,Sunday,1,1,0,1,0,1,0.0,0.0,0.0,0.0,,100.0,,1.0,,0.0
20161003,2016-10-03,2016-10,2016,Oct,Monday,0,8,7,1,7,8,559.53,441.98,117.55,7.0,79.93,12.5,0.0,3.0,26.63,79.93
20161004,2016-10-04,2016-10,2016,Oct,Tuesday,0,63,58,5,54,63,10900.95,9571.16,1329.79,67.0,187.95,7.94,3.7,3.63,25.81,1637.21
20161005,2016-10-05,2016-10,2016,Oct,Wednesday,0,47,42,2,35,47,8084.98,6856.56,1228.42,52.0,192.5,4.26,0.0,3.13,20.23,2792.21
20161006,2016-10-06,2016-10,2016,Oct,Thursday,0,51,46,3,41,51,7326.68,6295.72,1030.96,55.0,159.28,5.88,0.0,3.45,20.9,3838.88
20161007,2016-10-07,2016-10,2016,Oct,Friday,0,46,43,2,38,46,7601.29,6728.25,873.04,50.0,176.77,4.35,0.0,3.46,15.92,4924.78
20161008,2016-10-08,2016-10,2016,Oct,Saturday,1,42,38,3,36,41,9226.19,8306.86,919.33,43.0,242.79,7.14,0.0,3.93,14.24,6242.8
20161009,2016-10-09,2016-10,2016,Oct,Sunday,1,26,22,4,20,26,3161.51,2614.2,547.31,28.0,143.71,15.38,0.0,3.62,14.68,6694.45
20161010,2016-10-10,2016-10,2016,Oct,Monday,0,39,37,2,34,38,4493.39,3692.57,800.82,40.0,121.44,5.13,0.0,3.69,19.18,7256.43
20161011,2016-10-11,2016-10,2016,Oct,Tuesday,0,0,0,0,0,0,0.0,0.0,0.0,0.0,,,,,,5699.15
20161012,2016-10-12,2016-10,2016,Oct,Wednesday,0,0,0,0,0,0,0.0,0.0,0.0,0.0,,,,,,4544.15
20161013,2016-10-13,2016-10,2016,Oct,Thursday,0,0,0,0,0,0,0.0,0.0,0.0,0.0,,,,,,3497.48
20161014,2016-10-14,2016-10,2016,Oct,Friday,0,0,0,0,0,0,0.0,0.0,0.0,0.0,,,,,,2411.58
20161015,2016-10-15,2016-10,2016,Oct,Saturday,1,0,0,0,0,0,0.0,0.0,0.0,0.0,,,,,,1093.56
20161016,2016-10-16,2016-10,2016,Oct,Sunday,1,0,0,0,0,0,0.0,0.0,0.0,0.0,,,,,,641.91
20161017,2016-10-17,2016-10,2016,Oct,Monday,0,0,0,0,0,0,0.0,0.0,0.0,0.0,,,,,,0.0
20161018,2016-10-18,2016-10,2016,Oct,Tuesday,0,0,0,0,0,0,0.0,0.0,0.0,0.0,,,,,,0.0
20161019,2016-10-19,2016-10,2016,Oct,Wednesday,0,0,0,0,0,0,0.0,0.0,0.0,0.0,,,,,,0.0
20161020,2016-10-20,2016-10,2016,Oct,Thursday,0,0,0,0,0,0,0.0,0.0,0.0,0.0,,,,,,0.0
20161021,2016-10-21,2016-10,2016,Oct,Friday,0,0,0,0,0,0,0.0,0.0,0.0,0.0,,,,,,0.0
20161022,2016-10-22,2016-10,2016,Oct,Saturday,1,1,0,1,0,1,0.0,0.0,0.0,0.0,,100.0,,1.0,,0.0
20161023,2016-10-23,2016-10,2016,Oct,Sunday,1,0,0,0,0,0,0.0,0.0,0.0,0.0,,,,,,0.0
20161024,2016-10-24,2016-10,2016,Oct,Monday,0,0,0,0,0,0,0.0,0.0,0.0,0.0,,,,,,0.0
20161025,2016-10-25,2016-10,2016,Oct,Tuesday,0,0,0,0,0,0,0.0,0.0,0.0,0.0,,,,,,0.0
20161026,2016-10-26,2016-10,2016,Oct,Wednesday,0,0,0,0,0,0,0.0,0.0,0.0,0.0,,,,,,0.0
20161027,2016-10-27,2016-10,2016,Oct,Thursday,0,0,0,0,0,0,0.0,0.0,0.0,0.0,,,,,,0.0
20161028,2016-10-28,2016-10,2016,Oct,Friday,0,0,0,0,0,0,0.0,0.0,0.0,0.0,,,,,,0.0
20161029,2016-10-29,2016-10,2016,Oct,Saturday,1,0,0,0,0,0,0.0,0.0,0.0,0.0,,,,,,0.0
20161030,2016-10-30,2016-10,2016,Oct,Sunday,1,0,0,0,0,0,0.0,0.0,0.0,0.0,,,,,,0.0
20161031,2016-10-31,2016-10,2016,Oct,Monday,0,0,0,0,0,0,0.0,0.0,0.0,0.0,,,,,,0.0
20161101,2016-11-01,2016-11,2016,Nov,Tuesday,0,0,0,0,0,0,0.0,0.0,0.0,0.0,,,,,,0.0
20161102,2016-11-02,2016-11,2016,Nov,Wednesday,0,0,0,0,0,0,0.0,0.0,0.0,0.0,,,,,,0.0
20161103,2016-11-03,2016-11,2016,Nov,Thursday,0,0,0,0,0,0,0.0,0.0,0.0,0.0,,,,,,0.0
20161104,2016-11-04,2016-11,2016,Nov,Friday,0,0,0,0,0,0,0.0,0.0,0.0,0.0,,,,,,0.0
20161105,2016-11-05,2016-11,2016,Nov,Saturday,1,0,0,0,0,0,0.0,0.0,0.0,0.0,,,,,,0.0
20161106,2016-11-06,2016-11,2016,Nov,Sunday,1,0,0,0,0,0,0.0,0.0,0.0,0.0,,,,,,0.0
20161107,2016-11-07,2016-11,2016,Nov,Monday,0,0,0,0,0,0,0.0,0.0,0.0,0.0,,,,,,0.0
20161108,2016-11-08,2016-11,2016,Nov,Tuesday,0,0,0,0,0,0,0.0,0.0,0.0,0.0,,,,,,0.0
20161109,2016-11-09,2016-11,2016,Nov,Wednesday,0,0,0,0,0,0,0.0,0.0,0.0,0.0,,,,,,0.0
20161110,2016-11-10,2016-11,2016,Nov,Thursday,0,0,0,0,0,0,0.0,0.0,0.0,0.0,,,,,,0.0
20161111,2016-11-11,2016-11,2016,Nov,Friday,0,0,0,0,0,0,0.0,0.0,0.0,0.0,,,,,,0.0
20161112,2016-11-12,2016-11,2016,Nov,Saturday,1,0,0,0,0,0,0.0,0.0,0.0,0.0,,,,,,0.0
20161113,2016-11-13,2016-11,2016,Nov,Sunday,1,0,0,0,0,0,0.0,0.0,0.0,0.0,,,,,,0.0
20161114,2016-11-14,2016-11,2016,Nov,Monday,0,0,0,0,0,0,0.0,0.0,0.0,0.0,,,,,,0.0
20161115,2016-11-15,2016-11,2016,Nov,Tuesday,0,0,0,0,0,0,0.0,0.0,0.0,0.0,,,,,,0.0
20161116,2016-11-16,2016-11,2016,Nov,Wednesday,0,0,0,0,0,0,0.0,0.0,0.0,0.0,,,,,,0.0
20161117,2016-11-17,2016-11,2016,Nov,Thursday,0,0,0,0,0,0,0.0,0.0,0.0,0.0,,,,,,0.0
20161118,2016-11-18,2016-11,2016,Nov,Friday,0,0,0,0,0,0,0.0,0.0,0.0,0.0,,,,,,0.0
20161119,2016-11-19,2016-11,2016,Nov,Saturday,1,0,0,0,0,0,0.0,0.0,0.0,0.0,,,,,,0.0
20161120,2016-11-20,2016-11,2016,Nov,Sunday,1,0,0,0,0,0,0.0,0.0,0.0,0.0,,,,,,0.0
20161121,2016-11-21,2016-11,2016,Nov,Monday,0,0,0,0,0,0,0.0,0.0,0.0,0.0,,,,,,0.0
20161122,2016-11-22,2016-11,2016,Nov,Tuesday,0,0,0,0,0,0,0.0,0.0,0.0,0.0,,,,,,0.0
20161123,2016-11-23,2016-11,2016,Nov,Wednesday,0,0,0,0,0,0,0.0,0.0,0.0,0.0,,,,,,0.0
20161124,2016-11-24,2016-11,2016,Nov,Thursday,0,0,0,0,0,0,0.0,0.0,0.0,0.0,,,,,,0.0
20161125,2016-11-25,2016-11,2016,Nov,Friday,0,0,0,0,0,0,0.0,0.0,0.0,0.0,,,,,,0.0
20161126,2016-11-26,2016-11,2016,Nov,Saturday,1,0,0,0,0,0,0.0,0.0,0.0,0.0,,,,,,0.0
20161127,2016-11-27,2016-11,2016,Nov,Sunday,1,0,0,0,0,0,0.0,0.0,0.0,0.0,,,,,,0.0
20161128,2016-11-28,2016-11,2016,Nov,Monday,0,0,0,0,0,0,0.0,0.0,0.0,0.0,,,,,,0.0
20161129,2016-11-29,2016-11,2016,Nov,Tuesday,0,0,0,0,0,0,0.0,0.0,0.0,0.0,,,,,,0.0
20161130,2016-11-30,2016-11,2016,Nov,Wednesday,0,0,0,0,0,0,0.0,0.0,0.0,0.0,,,,,,0.0
20161201,2016-12-01,2016-12,2016,Dec,Thursday,0,0,0,0,0,0,0.0,0.0,0.0,0.0,,,,,,0.0
20161202,2016-12-02,2016-12,2016,Dec,Friday,0,0,0,0,0,0,0.0,0.0,0.0,0.0,,,,,,0.0
20161203,2016-12-03,2016-12,2016,Dec,Saturday,1,0,0,0,0,0,0.0,0.0,0.0,0.0,,,,,,0.0
20161204,2016-12-04,2016-12,2016,Dec,Sunday,1,0,0,0,0,0,0.0,0.0,0.0,0.0,,,,,,0.0
20161205,2016-12-05,2016-12,2016,Dec,Monday,0,0,0,0,0,0,0.0,0.0,0.0,0.0,,,,,,0.0
20161206,2016-12-06,2016-12,2016,Dec,Tuesday,0,0,0,0,0,0,0.0,0.0,0.0,0.0,,,,,,0.0
20161207,2016-12-07,2016-12,2016,Dec,Wednesday,0,0,0,0,0,0,0.0,0.0,0.0,0.0,,,,,,0.0
20161208,2016-12-08,2016-12,2016,Dec,Thursday,0,0,0,0,0,0,0.0,0.0,0.0,0.0,,,,,,0.0
20161209,2016-12-09,2016-12,2016,Dec,Friday,0,0,0,0,0,0,0.0,0.0,0.0,0.0,,,,,,0.0
20161210,2016-12-10,2016-12,2016,Dec,Saturday,1,0,0,0,0,0,0.0,0.0,0.0,0.0,,,,,,0.0
20161211,2016-12-11,2016-12,2016,Dec,Sunday,1,0,0,0,0,0,0.0,0.0,0.0,0.0,,,,,,0.0
20161212,2016-12-12,2016-12,2016,Dec,Monday,0,0,0,0,0,0,0.0,0.0,0.0,0.0,,,,,,0.0
20161213,2016-12-13,2016-12,2016,Dec,Tuesday,0,0,0,0,0,0,0.0,0.0,0.0,0.0,,,,,,0.0
20161214,2016-12-14,2016-12,2016,Dec,Wednesday,0,0,0,0,0,0,0.0,0.0,0.0,0.0,,,,,,0.0
20161215,2016-12-15,2016-12,2016,Dec,Thursday,0,0,0,0,0,0,0.0,0.0,0.0,0.0,,,,,,0.0
20161216,2016-12-16,2016-12,2016,Dec,Friday,0,0,0,0,0,0,0.0,0.0,0.0,0.0,,,,,,0.0
20161217,2016-12-17,2016-12,2016,Dec,Saturday,1,0,0,0,0,0,0.0,0.0,0.0,0.0,,,,,,0.0
20161218,2016-12-18,2016-12,2016,Dec,Sunday,1,0,0,0,0,0,0.0,0.0,0.0,0.0,,,,,,0.0
20161219,2016-12-19,2016-12,2016,Dec,Monday,0,0,0,0,0,0,0.0,0.0,0.0,0.0,,,,,,0.0
20161220,2016-12-20,2016-12,2016,Dec,Tuesday,0,0,0,0,0,0,0.0,0.0,0.0,0.0,,,,,,0.0
20161221,2016-12-21,2016-12,2016,Dec,Wednesday,0,0,0,0,0,0,0.0,0.0,0.0,0.0,,,,,,0.0
20161222,2016-12-22,2016-12,2016,Dec,Thursday,0,0,0,0,0,0,0.0,0.0,0.0,0.0,,,,,,0.0
20161223,2016-12-23,2016-12,2016,Dec,Friday,0,1,1,0,1,1,19.62,10.9,8.72,1.0,19.62,0.0,0.0,5.0,5.0,2.8
20161224,2016-12-24,2016-12,2016,Dec,Saturday,1,0,0,0,0,0,0.0,0.0,0.0,0.0,,,,,,2.8
20161225,2016-12-25,2016-12,2016,Dec,Sunday,1,0,0,0,0,0,0.0,0.0,0.0,0.0,,,,,,2.8
20161226,2016-12-26,2016-12,2016,Dec,Monday,0,0,0,0,0,0,0.0,0.0,0.0,0.0,,,,,,2.8
20161227,2016-12-27,2016-12,2016,Dec,Tuesday,0,0,0,0,0,0,0.0,0.0,0.0,0.0,,,,,,2.8
20161228,2016-12-28,2016-12,2016,Dec,Wednesday,0,0,0,0,0,0,0.0,0.0,0.0,0.0,,,,,,2.8
20161229,2016-12-29,2016-12,2016,Dec,Thursday,0,0,0,0,0,0,0.0,0.0,0.0,0.0,,,,,,2.8
20161230,2016-12-30,2016-12,2016,Dec,Friday,0,0,0,0,0,0,0.0,0.0,0.0,0.0,,,,,,0.0
20161231,2016-12-31,2016-12,2016,Dec,Saturday,1,0,0,0,0,0,0.0,0.0,0.0,0.0,,,,,,0.0
20170101,2017-01-01,2017-01,2017,Jan,Sunday,1,0,0,0,0,0,0.0,0.0,0.0,0.0,,,,,,0.0
20170102,2017-01-02,2017-01,2017,Jan,Monday,0,0,0,0,0,0,0.0,0.0,0.0,0.0,,,,,,0.0
20170103,2017-01-03,2017-01,2017,Jan,Tuesday,0,0,0,0,0,0,0.0,0.0,0.0,0.0,,,,,,0.0
20170104,2017-01-04,2017-01,2017,Jan,Wednesday,0,0,0,0,0,0,0.0,0.0,0.0,0.0,,,,,,0.0
20170105,2017-01-05,2017-01,2017,Jan,Thursday,0,32,32,0,32,18,707.27,396.9,310.37,32.0,22.1,0.0,0.0,4.91,10.81,101.04
20170106,2017-01-06,2017-01,2017,Jan,Friday,0,4,4,0,4,4,988.28,916.38,71.9,4.0,247.07,0.0,0.0,4.75,7.75,242.22
20170107,2017-01-07,2017-01,2017,Jan,Saturday,1,4,4,0,4,4,1447.99,1351.9,96.09,5.0,362.0,0.0,25.0,3.0,24.25,449.08
20170108,2017-01-08,2017-01,2017,Jan,Sunday,1,6,6,0,4,5,809.63,709.58,100.05,6.0,134.94,0.0,0.0,3.33,8.25,564.74
20170109,2017-01-09,2017-01,2017,Jan,Monday,0,5,5,0,5,5,774.51,673.79,100.72,6.0,154.9,0.0,20.0,3.4,23.6,675.38
20170110,2017-01-10,2017-01,2017,Jan,Tuesday,0,6,6,0,6,6,1571.17,1434.87,136.3,6.0,261.86,0.0,0.0,3.5,12.67,899.84
20170111,2017-01-11,2017-01,2017,Jan,Wednesday,0,12,11,1,10,12,2881.52,2611.26,270.26,11.0,261.96,8.33,0.0,3.83,7.4,1311.48
20170112,2017-01-12,2017-01,2017,Jan,Thursday,0,13,13,0,12,13,2502.69,2234.58,268.11,15.0,192.51,0.0,16.67,3.85,24.5,1567.97
20170113,2017-01-13,2017-01,2017,Jan,Friday,0,12,11,1,10,11,2780.72,2505.58,275.14,11.0,252.79,8.33,0.0,4.08,9.6,1824.03
20170114,2017-01-14,2017-01,2017,Jan,Saturday,1,18,18,0,16,17,1499.57,1112.69,386.88,18.0,83.31,0.0,6.25,3.44,15.44,1831.4
20170115,2017-01-15,2017-01,2017,Jan,Sunday,1,14,14,0,14,13,2551.34,2199.57,351.77,21.0,182.24,0.0,0.0,4.5,12.93,2080.22
20170116,2017-01-16,2017-01,2017,Jan,Monday,0,19,19,0,18,18,3708.4,3307.92,400.48,24.0,195.18,0.0,0.0,3.89,12.22,2499.34
20170117,2017-01-17,2017-01,2017,Jan,Tuesday,0,32,32,0,32,31,3893.61,3302.53,591.08,37.0,121.68,0.0,0.0,4.25,11.13,2831.12
20170118,2017-01-18,2017-01,2017,Jan,Wednesday,0,33,33,0,30,33,4683.38,4032.36,651.02,35.0,141.92,0.0,3.33,3.79,13.27,3088.53
20170119,2017-01-19,2017-01,2017,Jan,Thursday,0,29,29,0,29,28,4140.16,3553.95,586.21,35.0,142.76,0.0,3.45,4.07,12.48,3322.45
20170120,2017-01-20,2017-01,2017,Jan,Friday,0,29,28,0,28,29,4656.05,4035.83,620.22,39.0,166.29,0.0,0.0,4.48,12.07,3590.36
20170121,2017-01-21,2017-01,2017,Jan,Saturday,1,24,24,0,22,21,3094.77,2458.6,636.17,36.0,128.95,0.0,0.0,3.71,13.05,3818.24
20170122,2017-01-22,2017-01,2017,Jan,Sunday,1,31,30,0,30,31,4141.87,3619.27,522.6,33.0,138.06,0.0,0.0,3.9,9.47,4045.46
20170123,2017-01-23,2017-01,2017,Jan,Monday,0,39,39,0,36,39,7553.89,6581.47,972.42,54.0,193.69,0.0,5.56,3.69,13.14,4594.82
20170124,2017-01-24,2017-01,2017,Jan,Tuesday,0,40,40,0,38,40,6783.53,5955.17,828.36,44.0,169.59,0.0,0.0,4.28,11.79,5007.66
20170125,2017-01-25,2017-01,2017,Jan,Wednesday,0,63,62,0,57,63,10340.21,8977.23,1362.98,69.0,166.78,0.0,1.75,3.79,12.11,5815.78
20170126,2017-01-26,2017-01,2017,Jan,Thursday,0,86,84,1,82,83,15047.41,13107.96,1939.45,99.0,179.14,1.16,4.88,4.24,13.73,7373.96
20170127,2017-01-27,2017-01,2017,Jan,Friday,0,62,61,0,59,61,12756.15,11432.95,1323.2,76.0,209.12,0.0,0.0,4.08,12.97,8531.12
20170128,2017-01-28,2017-01,2017,Jan,Saturday,1,29,29,0,28,29,5883.01,5211.01,672.0,30.0,202.86,0.0,0.0,4.07,13.07,8929.44
20170129,2017-01-29,2017-01,2017,Jan,Sunday,1,35,35,0,32,34,7160.66,6457.66,703.0,47.0,204.59,0.0,6.25,4.31,13.94,9360.69
20170130,2017-01-30,2017-01,2017,Jan,Monday,0,53,51,0,48,51,11898.13,10801.13,1097.0,75.0,233.3,0.0,0.0,3.98,11.29,9981.3
20170131,2017-01-31,2017-01,2017,Jan,Tuesday,0,70,67,0,64,68,12687.54,11116.13,1571.41,85.0,189.37,0.0,9.38,3.94,13.61,10824.73
20170201,2017-02-01,2017-02,2017,Feb,Wednesday,0,73,66,1,61,71,9432.66,8099.76,1332.9,69.0,142.92,1.37,1.64,3.79,11.95,10695.08
20170202,2017-02-02,2017-02,2017,Feb,Thursday,0,69,68,0,67,69,10475.3,8917.64,1557.66,75.0,154.05,0.0,2.99,4.33,12.91,10041.92
20170203,2017-02-03,2017-02,2017,Feb,Friday,0,60,56,3,54,60,11399.87,10171.74,1228.13,61.0,203.57,5.0,3.7,3.98,15.06,9848.17
20170204,2017-02-04,2017-02,2017,Feb,Saturday,1,67,66,0,64,67,15717.21,13968.16,1749.05,72.0,238.14,0.0,3.13,4.07,13.06,11253.05
20170205,2017-02-05,2017-02,2017,Feb,Sunday,1,75,75,0,74,74,10153.24,8503.79,1649.45,83.0,135.38,0.0,1.35,4.17,11.12,11680.56
20170206,2017-02-06,2017-02,2017,Feb,Monday,0,85,81,0,78,83,11084.8,9539.44,1545.36,88.0,136.85,0.0,2.56,4.08,11.01,11564.37
20170207,2017-02-07,2017-02,2017,Feb,Tuesday,0,112,110,1,108,108,16438.61,14073.58,2365.03,126.0,149.44,0.89,0.93,4.23,10.87,12100.24
20170208,2017-02-08,2017-02,2017,Feb,Wednesday,0,95,89,1,83,95,13959.26,11908.37,2050.89,98.0,156.85,1.05,1.2,4.11,12.35,12746.9
20170209,2017-02-09,2017-02,2017,Feb,Thursday,0,77,77,0,73,76,10844.17,9190.29,1653.88,82.0,140.83,0.0,5.48,3.96,13.86,12799.59
20170210,2017-02-10,2017-02,2017,Feb,Friday,0,66,65,1,63,66,15046.79,13656.94,1389.85,73.0,231.49,1.52,3.17,4.18,13.02,13320.58
20170211,2017-02-11,2017-02,2017,Feb,Saturday,1,49,45,0,45,49,5233.15,4307.56,925.59,51.0,116.29,0.0,4.44,4.06,14.47,11822.86
20170212,2017-02-12,2017-02,2017,Feb,Sunday,1,64,62,1,61,64,16603.91,15098.25,1505.66,65.0,267.81,1.56,1.64,4.14,12.46,12744.38
20170213,2017-02-13,2017-02,2017,Feb,Monday,0,78,75,1,74,78,12460.8,10405.15,2055.65,87.0,166.14,1.28,1.35,3.73,12.86,12940.96
20170214,2017-02-14,2017-02,2017,Feb,Tuesday,0,76,71,0,66,75,14343.0,12694.11,1648.89,80.0,202.01,0.0,3.03,3.86,13.61,12641.58
20170215,2017-02-15,2017-02,2017,Feb,Wednesday,0,62,60,0,56,62,8031.52,6770.15,1261.37,63.0,133.86,0.0,0.0,4.02,11.0,11794.76
20170216,2017-02-16,2017-02,2017,Feb,Thursday,0,55,50,2,49,55,7138.41,6093.04,1045.37,55.0,142.77,3.64,2.04,4.11,13.41,11265.37
20170217,2017-02-17,2017-02,2017,Feb,Friday,0,46,45,0,45,46,8059.21,6801.26,1257.95,56.0,179.09,0.0,4.44,4.02,16.2,10267.14
20170218,2017-02-18,2017-02,2017,Feb,Saturday,1,54,52,0,52,52,8451.14,7297.33,1153.81,63.0,162.52,0.0,0.0,4.15,13.94,10726.86
20170219,2017-02-19,2017-02,2017,Feb,Sunday,1,40,40,0,37,39,4477.65,3797.9,679.75,44.0,111.94,0.0,0.0,3.4,13.19,8994.53
20170220,2017-02-20,2017-02,2017,Feb,Monday,0,63,62,1,59,63,9122.62,7861.4,1261.22,71.0,147.14,1.59,8.47,3.94,15.22,8517.65
20170221,2017-02-21,2017-02,2017,Feb,Tuesday,0,41,41,0,39,41,9333.46,8285.64,1047.82,47.0,227.65,0.0,2.56,3.95,17.69,7802.0
20170222,2017-02-22,2017-02,2017,Feb,Wednesday,0,63,58,3,53,61,8576.04,7356.57,1219.47,65.0,147.86,4.76,3.77,3.71,13.7,7879.79
20170223,2017-02-23,2017-02,2017,Feb,Thursday,0,59,59,0,57,57,8569.62,6940.82,1628.8,73.0,145.25,0.0,3.51,4.1,14.42,8084.25
20170224,2017-02-24,2017-02,2017,Feb,Friday,0,64,62,0,60,64,7898.75,6682.21,1216.54,73.0,127.4,0.0,5.0,4.19,14.9,8061.33
20170225,2017-02-25,2017-02,2017,Feb,Saturday,1,43,42,0,39,43,5012.31,4196.59,815.72,46.0,119.34,0.0,0.0,3.65,14.54,7570.06
20170226,2017-02-26,2017-02,2017,Feb,Sunday,1,46,45,0,42,46,6496.46,5446.68,1049.78,52.0,144.37,0.0,4.76,3.74,14.14,7858.47
20170227,2017-02-27,2017-02,2017,Feb,Monday,0,43,42,1,41,43,6785.28,5813.22,972.06,52.0,161.55,2.33,7.32,4.05,12.61,7524.56
20170228,2017-02-28,2017-02,2017,Feb,Tuesday,0,55,54,1,53,55,12416.45,11081.76,1334.69,66.0,229.93,1.82,7.55,3.8,15.94,7964.99
20170301,2017-03-01,2017-03,2017,Mar,Wednesday,0,99,95,1,93,98,14654.69,12555.41,2099.28,113.0,154.26,1.01,4.3,4.02,11.26,8833.37
20170302,2017-03-02,2017-03,2017,Mar,Thursday,0,72,68,0,66,72,12883.06,11377.0,1506.06,76.0,189.46,0.0,1.52,4.04,12.59,9449.57
20170303,2017-03-03,2017-03,2017,Mar,Friday,0,74,72,0,72,71,13919.14,12364.44,1554.7,80.0,193.32,0.0,4.17,4.15,13.83,10309.63
20170304,2017-03-04,2017-03,2017,Mar,Saturday,1,80,76,2,69,77,12772.31,10858.51,1913.8,85.0,168.06,2.5,4.35,4.0,12.58,11418.2
20170305,2017-03-05,2017-03,2017,Mar,Sunday,1,74,70,2,67,73,8207.91,6739.72,1468.19,80.0,117.26,2.7,7.46,4.2,12.39,11662.69
20170306,2017-03-06,2017-03,2017,Mar,Monday,0,105,98,1,94,105,10983.08,8916.64,2066.44,113.0,112.07,0.95,4.26,3.87,11.88,12262.38
20170307,2017-03-07,2017-03,2017,Mar,Tuesday,0,82,80,1,78,81,13483.38,11648.52,1834.86,97.0,168.54,1.22,3.85,4.1,13.04,12414.8
20170308,2017-03-08,2017-03,2017,Mar,Wednesday,0,79,77,1,73,79,16539.1,14587.47,1951.63,87.0,214.79,1.27,5.48,4.05,16.89,12684.0
20170309,2017-03-09,2017-03,2017,Mar,Thursday,0,93,92,0,88,91,13804.61,11705.54,2099.07,114.0,150.05,0.0,4.55,4.01,13.92,12815.65
20170310,2017-03-10,2017-03,2017,Mar,Friday,0,88,86,2,84,85,14107.78,11984.97,2122.81,97.0,164.04,2.27,1.19,4.27,12.14,12842.6
20170311,2017-03-11,2017-03,2017,Mar,Saturday,1,71,70,1,68,71,12454.76,10833.27,1621.49,79.0,177.93,1.41,2.94,4.0,12.29,12797.23
20170312,2017-03-12,2017-03,2017,Mar,Sunday,1,64,63,1,63,62,7711.89,6496.17,1215.72,70.0,122.41,1.56,0.0,4.09,10.84,12726.37
20170313,2017-03-13,2017-03,2017,Mar,Monday,0,111,108,3,104,109,18983.78,16681.16,2302.62,115.0,175.78,2.7,8.65,3.91,14.2,13869.33
20170314,2017-03-14,2017-03,2017,Mar,Tuesday,0,99,98,1,95,99,16416.29,14129.16,2287.13,113.0,167.51,1.01,4.21,4.03,12.16,14288.32
20170315,2017-03-15,2017-03,2017,Mar,Wednesday,0,108,107,0,101,107,17215.93,14999.33,2216.6,121.0,160.9,0.0,3.96,4.07,15.45,14385.01
20170316,2017-03-16,2017-03,2017,Mar,Thursday,0,103,102,1,100,103,16565.1,14199.79,2365.31,126.0,162.4,0.97,8.0,4.06,14.92,14779.36
20170317,2017-03-17,2017-03,2017,Mar,Friday,0,65,65,0,64,64,13611.28,11970.4,1640.88,79.0,209.4,0.0,3.13,4.06,16.13,14708.43
20170318,2017-03-18,2017-03,2017,Mar,Saturday,1,73,73,0,71,73,17938.49,16433.82,1504.67,77.0,245.73,0.0,2.82,4.12,12.31,15491.82
20170319,2017-03-19,2017-03,2017,Mar,Sunday,1,56,56,0,56,56,7728.08,6649.34,1078.74,59.0,138.0,0.0,1.79,4.13,11.48,15494.14
20170320,2017-03-20,2017-03,2017,Mar,Monday,0,119,114,4,113,117,19381.57,16906.09,2475.48,125.0,170.01,3.36,7.08,4.03,12.02,15550.96
20170321,2017-03-21,2017-03,2017,Mar,Tuesday,0,97,92,4,92,95,13166.64,11311.15,1855.49,103.0,143.12,4.12,2.17,3.94,10.86,15086.73
20170322,2017-03-22,2017-03,2017,Mar,Wednesday,0,105,105,0,104,104,16390.14,14188.97,2201.17,122.0,156.1,0.0,4.81,4.27,11.59,14968.76
20170323,2017-03-23,2017-03,2017,Mar,Thursday,0,114,110,1,105,112,18707.84,16300.56,2407.28,133.0,170.07,0.88,2.86,4.12,12.3,15274.86
20170324,2017-03-24,2017-03,2017,Mar,Friday,0,79,76,1,75,77,11620.24,10143.22,1477.02,84.0,152.9,1.27,5.33,3.96,15.15,14990.43
20170325,2017-03-25,2017-03,2017,Mar,Saturday,1,76,74,1,72,73,10981.79,9361.44,1620.35,84.0,148.4,1.32,6.94,3.84,12.86,13996.61
20170326,2017-03-26,2017-03,2017,Mar,Sunday,1,64,64,0,63,64,7642.03,6320.95,1321.08,69.0,119.41,0.0,9.52,4.0,13.22,13984.32
20170327,2017-03-27,2017-03,2017,Mar,Monday,0,111,109,1,107,110,18732.59,16356.97,2375.62,120.0,171.86,0.9,3.74,4.08,12.25,13891.61
20170328,2017-03-28,2017-03,2017,Mar,Tuesday,0,103,100,3,96,102,14028.5,11802.11,2226.39,114.0,140.29,2.91,5.21,4.13,10.77,14014.73
20170329,2017-03-29,2017-03,2017,Mar,Wednesday,0,74,73,1,72,73,9805.42,8294.04,1511.38,84.0,134.32,1.35,4.17,4.12,14.63,13074.06
20170330,2017-03-30,2017-03,2017,Mar,Thursday,0,74,74,0,72,74,11435.0,10025.6,1409.4,83.0,154.53,0.0,2.78,4.11,13.75,12035.08
20170331,2017-03-31,2017-03,2017,Mar,Friday,0,70,70,0,69,70,13745.54,12199.56,1545.98,73.0,196.36,0.0,7.25,4.06,16.51,12338.7
20170401,2017-04-01,2017-04,2017,Apr,Saturday,1,68,67,0,66,65,19053.91,17697.37,1356.54,69.0,284.39,0.0,3.03,4.4,13.83,13491.86
20170402,2017-04-02,2017-04,2017,Apr,Sunday,1,65,65,0,64,64,10605.8,9129.88,1475.92,78.0,163.17,0.0,1.56,4.48,12.77,13915.25
20170403,2017-04-03,2017-04,2017,Apr,Monday,0,72,72,0,68,72,10776.9,9156.76,1620.14,87.0,149.68,0.0,4.41,3.99,13.06,12778.72
20170404,2017-04-04,2017-04,2017,Apr,Tuesday,0,96,96,0,96,96,14152.99,12301.65,1851.34,109.0,147.43,0.0,7.29,4.2,16.36,12796.51
20170405,2017-04-05,2017-04,2017,Apr,Wednesday,0,96,96,0,93,93,20774.55,18902.94,1871.61,102.0,216.4,0.0,7.53,4.35,11.81,14363.53
20170406,2017-04-06,2017-04,2017,Apr,Thursday,0,96,95,0,92,95,25242.81,23168.89,2073.92,110.0,265.71,0.0,4.35,3.98,14.03,16336.07
20170407,2017-04-07,2017-04,2017,Apr,Friday,0,85,84,1,82,83,14962.24,13250.29,1711.95,94.0,178.12,1.18,8.54,4.15,14.21,16509.89
20170408,2017-04-08,2017-04,2017,Apr,Saturday,1,68,66,0,64,67,10053.58,8785.09,1268.49,71.0,152.33,0.0,7.81,3.78,14.8,15224.12
20170409,2017-04-09,2017-04,2017,Apr,Sunday,1,73,71,2,68,70,9341.0,7914.65,1426.35,76.0,131.56,2.74,2.94,3.88,13.75,15043.44
20170410,2017-04-10,2017-04,2017,Apr,Monday,0,87,86,1,84,87,13321.95,11577.41,1744.54,94.0,154.91,1.15,5.95,3.97,12.25,15407.02
20170411,2017-04-11,2017-04,2017,Apr,Tuesday,0,78,77,0,73,78,9802.58,8296.51,1506.07,84.0,127.31,0.0,6.85,4.04,14.34,14785.53
20170412,2017-04-12,2017-04,2017,Apr,Wednesday,0,63,62,1,61,63,9220.27,8069.21,1151.06,65.0,148.71,1.59,9.84,3.78,15.18,13134.92
20170413,2017-04-13,2017-04,2017,Apr,Thursday,0,60,60,0,60,59,11213.93,9691.43,1522.5,64.0,186.9,0.0,6.67,4.12,17.08,11130.79
20170414,2017-04-14,2017-04,2017,Apr,Friday,0,54,51,3,47,54,8326.42,7001.07,1325.35,58.0,163.26,5.56,2.13,3.8,17.32,10182.82
20170415,2017-04-15,2017-04,2017,Apr,Saturday,1,52,52,0,49,52,9391.56,8333.94,1057.62,55.0,180.61,0.0,10.2,3.92,15.55,10088.24
20170416,2017-04-16,2017-04,2017,Apr,Sunday,1,49,49,0,47,48,6514.8,5455.96,1058.84,52.0,132.96,0.0,6.38,4.0,17.3,9684.5
20170417,2017-04-17,2017-04,2017,Apr,Monday,0,65,64,1,58,65,9277.43,7966.87,1310.56,67.0,144.96,1.54,8.62,3.88,15.57,9106.71
20170418,2017-04-18,2017-04,2017,Apr,Tuesday,0,71,71,0,71,71,23433.86,21286.72,2147.14,84.0,330.05,0.0,7.04,4.2,16.9,11054.04
20170419,2017-04-19,2017-04,2017,Apr,Wednesday,0,97,97,0,93,96,13941.25,12103.46,1837.79,112.0,143.72,0.0,15.05,3.84,17.13,11728.46
20170420,2017-04-20,2017-04,2017,Apr,Thursday,0,98,96,1,91,93,15722.39,13373.14,2349.25,115.0,163.77,1.02,9.89,3.85,16.31,12372.53
20170421,2017-04-21,2017-04,2017,Apr,Friday,0,68,67,1,66,68,10089.18,8446.26,1642.92,76.0,150.58,1.47,6.06,3.75,16.15,12624.35
20170422,2017-04-22,2017-04,2017,Apr,Saturday,1,84,83,0,82,83,14865.41,12860.18,2005.23,94.0,179.1,0.0,6.1,3.94,14.67,13406.33
20170423,2017-04-23,2017-04,2017,Apr,Sunday,1,88,85,2,84,87,11656.9,10029.05,1627.85,90.0,137.14,2.27,4.76,4.02,14.56,14140.92
20170424,2017-04-24,2017-04,2017,Apr,Monday,0,115,114,1,110,115,15762.06,13296.03,2466.03,129.0,138.26,0.87,10.0,3.96,15.12,15067.29
20170425,2017-04-25,2017-04,2017,Apr,Tuesday,0,111,111,0,106,111,17167.66,14671.74,2495.92,123.0,154.66,0.0,7.55,4.08,13.14,14172.12
20170426,2017-04-26,2017-04,2017,Apr,Wednesday,0,125,123,2,122,125,18118.2,15430.49,2687.71,137.0,147.3,1.6,6.56,4.07,15.45,14768.83
20170427,2017-04-27,2017-04,2017,Apr,Thursday,0,80,78,2,75,80,11871.67,9851.71,2019.96,100.0,152.2,2.5,0.0,4.25,14.37,14218.73
20170428,2017-04-28,2017-04,2017,Apr,Friday,0,98,98,0,95,98,18063.29,15790.49,2272.8,108.0,184.32,0.0,6.32,4.06,17.52,15357.88
20170429,2017-04-29,2017-04,2017,Apr,Saturday,1,74,73,0,70,74,13687.02,11912.63,1774.39,86.0,187.49,0.0,2.86,4.0,15.39,15189.54
20170430,2017-04-30,2017-04,2017,Apr,Sunday,1,68,68,0,66,68,9437.0,8091.16,1345.84,71.0,138.78,0.0,4.55,4.16,17.05,14872.41
20170501,2017-05-01,2017-05,2017,May,Monday,0,117,116,1,111,114,14796.77,12580.27,2216.5,131.0,127.56,0.85,3.6,4.0,14.15,14734.52
20170502,2017-05-02,2017-05,2017,May,Tuesday,0,128,125,2,122,128,20307.77,17640.2,2667.57,136.0,162.46,1.56,4.1,4.06,14.7,15183.1
20170503,2017-05-03,2017-05,2017,May,Wednesday,0,103,102,1,101,103,12136.38,10053.56,2082.82,111.0,118.98,0.97,6.93,4.16,16.23,14328.56
20170504,2017-05-04,2017-05,2017,May,Thursday,0,109,108,0,107,107,15813.96,13508.55,2305.41,122.0,146.43,0.0,0.93,4.21,13.5,14891.74
20170505,2017-05-05,2017-05,2017,May,Friday,0,111,110,0,104,109,16342.51,13969.76,2372.75,123.0,148.57,0.0,1.92,3.91,13.07,14645.92
20170506,2017-05-06,2017-05,2017,May,Saturday,1,109,107,0,103,106,18592.8,16219.98,2372.82,127.0,173.76,0.0,1.94,4.19,12.19,15346.74
20170507,2017-05-07,2017-05,2017,May,Sunday,1,111,109,0,102,109,19724.42,17167.87,2556.55,120.0,180.96,0.0,1.96,4.01,11.88,16816.37
20170508,2017-05-08,2017-05,2017,May,Monday,0,124,122,0,120,123,19022.66,16148.41,2874.25,143.0,155.92,0.0,3.33,4.33,11.68,17420.07
20170509,2017-05-09,2017-05,2017,May,Tuesday,0,128,124,1,120,127,23821.01,20787.05,3033.96,153.0,192.1,0.78,4.17,4.13,11.8,17921.96
20170510,2017-05-10,2017-05,2017,May,Wednesday,0,116,115,1,109,114,23249.9,20927.49,2322.41,124.0,202.17,0.86,4.59,4.16,10.76,19509.61
20170511,2017-05-11,2017-05,2017,May,Thursday,0,126,126,0,124,125,21182.25,18164.55,3017.7,138.0,168.11,0.0,5.65,4.11,10.27,20276.51
20170512,2017-05-12,2017-05,2017,May,Friday,0,115,110,3,105,112,14547.88,12191.61,2356.27,119.0,132.25,2.61,5.71,3.87,12.06,20020.13
20170513,2017-05-13,2017-05,2017,May,Saturday,1,73,72,1,67,72,10592.67,9053.65,1539.02,80.0,147.12,1.37,0.0,3.82,11.09,18877.26
20170514,2017-05-14,2017-05,2017,May,Sunday,1,112,110,2,108,112,17316.33,15022.9,2293.43,127.0,157.42,1.79,4.63,4.1,10.62,18533.24
20170515,2017-05-15,2017-05,2017,May,Monday,0,157,153,1,149,154,21237.58,17822.03,3415.55,170.0,138.81,0.64,2.01,3.93,10.58,18849.66
20170516,2017-05-16,2017-05,2017,May,Tuesday,0,153,150,1,149,150,24286.06,21115.89,3170.17,171.0,161.91,0.65,2.01,4.08,9.88,18916.1
20170517,2017-05-17,2017-05,2017,May,Wednesday,0,141,140,1,139,140,21217.81,18195.95,3021.86,155.0,151.56,0.71,2.88,4.23,11.74,18625.8
20170518,2017-05-18,2017-05,2017,May,Thursday,0,125,125,0,124,123,20856.51,18245.13,2611.38,140.0,166.85,0.0,2.42,4.0,11.25,18579.26
20170519,2017-05-19,2017-05,2017,May,Friday,0,144,144,0,140,139,21517.68,18397.67,3120.01,168.0,149.43,0.0,2.14,4.13,10.77,19574.95
20170520,2017-05-20,2017-05,2017,May,Saturday,1,72,72,0,70,71,12354.47,10632.41,1722.06,80.0,171.59,0.0,1.43,4.24,10.56,19826.63
20170521,2017-05-21,2017-05,2017,May,Sunday,1,148,148,0,145,144,20368.53,17426.2,2942.33,164.0,137.63,0.0,2.07,4.18,9.7,20262.66
20170522,2017-05-22,2017-05,2017,May,Monday,0,148,148,0,145,145,28906.6,25414.2,3492.4,167.0,195.31,0.0,2.07,4.18,9.77,21358.24
20170523,2017-05-23,2017-05,2017,May,Tuesday,0,125,124,1,120,125,20405.66,17625.88,2779.78,141.0,164.56,0.8,4.17,4.1,10.0,20803.89
20170524,2017-05-24,2017-05,2017,May,Wednesday,0,142,141,0,140,139,26595.31,23350.97,3244.34,159.0,188.62,0.0,5.0,4.3,10.71,21572.11
20170525,2017-05-25,2017-05,2017,May,Thursday,0,108,104,2,103,107,17431.59,15116.79,2314.8,115.0,167.61,1.85,1.94,4.23,11.83,21082.83
20170526,2017-05-26,2017-05,2017,May,Friday,0,80,78,1,77,79,12495.32,10651.18,1844.14,93.0,160.2,1.25,2.6,4.05,11.6,19793.93
20170527,2017-05-27,2017-05,2017,May,Saturday,1,83,79,3,77,81,15845.87,13960.71,1885.16,91.0,200.58,3.61,2.6,4.22,10.94,20292.7
20170528,2017-05-28,2017-05,2017,May,Sunday,1,98,98,0,98,98,11107.24,9262.62,1844.62,106.0,113.34,0.0,1.02,4.41,10.06,18969.66
20170529,2017-05-29,2017-05,2017,May,Monday,0,160,157,2,151,159,21774.91,18732.86,3042.05,177.0,138.69,1.25,1.99,4.04,9.98,17950.84
20170530,2017-05-30,2017-05,2017,May,Tuesday,0,105,100,2,98,104,16248.81,13947.59,2301.22,116.0,162.49,1.9,3.06,4.17,11.27,17357.01
20170531,2017-05-31,2017-05,2017,May,Wednesday,0,129,123,3,118,129,22613.57,19825.26,2788.31,139.0,183.85,2.33,2.54,4.21,12.1,16788.19
20170601,2017-06-01,2017-06,2017,Jun,Thursday,0,124,124,0,123,122,21762.33,19305.25,2457.08,136.0,175.5,0.0,1.63,3.97,11.25,17406.86
20170602,2017-06-02,2017-06,2017,Jun,Friday,0,127,126,0,123,125,21603.97,19131.33,2472.64,135.0,171.46,0.0,1.63,4.18,12.08,18708.1
20170603,2017-06-03,2017-06,2017,Jun,Saturday,1,89,89,0,88,89,12265.44,10450.35,1815.09,101.0,137.81,0.0,4.55,4.03,14.28,18196.61
20170604,2017-06-04,2017-06,2017,Jun,Sunday,1,102,101,0,99,101,15898.48,13863.23,2035.25,106.0,157.41,0.0,2.02,4.38,12.12,18881.07
20170605,2017-06-05,2017-06,2017,Jun,Monday,0,147,145,1,142,145,26742.6,23925.55,2817.05,162.0,184.43,0.68,1.41,4.07,11.13,19590.74
20170606,2017-06-06,2017-06,2017,Jun,Tuesday,0,134,133,1,128,130,17307.99,14589.15,2718.84,156.0,130.14,0.75,1.56,4.16,11.3,19742.05
20170607,2017-06-07,2017-06,2017,Jun,Wednesday,0,129,124,1,122,127,15397.67,12771.66,2626.01,132.0,124.17,0.78,4.92,4.03,13.11,18711.21
20170608,2017-06-08,2017-06,2017,Jun,Thursday,0,137,137,0,134,134,22100.45,18503.08,3597.37,151.0,161.32,0.0,2.24,4.16,12.62,18759.51
20170609,2017-06-09,2017-06,2017,Jun,Friday,0,108,106,1,105,106,18589.83,16051.35,2538.48,127.0,175.38,0.93,0.0,4.1,11.96,18328.92
20170610,2017-06-10,2017-06,2017,Jun,Saturday,1,77,76,0,72,76,9807.18,8220.35,1586.83,83.0,129.04,0.0,0.0,3.91,12.01,17977.74
20170611,2017-06-11,2017-06,2017,Jun,Sunday,1,115,113,0,111,112,16609.43,14303.56,2305.87,126.0,146.99,0.0,4.5,4.18,12.57,18079.31
20170612,2017-06-12,2017-06,2017,Jun,Monday,0,126,125,0,121,126,17290.77,14803.11,2487.66,149.0,138.33,0.0,7.44,4.2,13.33,16729.05
20170613,2017-06-13,2017-06,2017,Jun,Tuesday,0,126,124,1,121,125,16468.43,13926.19,2542.24,140.0,132.81,0.79,1.65,4.21,11.87,16609.11
20170614,2017-06-14,2017-06,2017,Jun,Wednesday,0,131,130,0,128,127,23373.59,20441.67,2931.92,147.0,179.8,0.0,5.47,4.09,13.45,17748.53
20170615,2017-06-15,2017-06,2017,Jun,Thursday,0,108,105,2,103,104,14820.47,12665.77,2154.7,118.0,141.15,1.85,2.91,4.01,14.2,16708.53
20170616,2017-06-16,2017-06,2017,Jun,Friday,0,97,95,2,94,96,14673.21,12831.33,1841.88,103.0,154.45,2.06,4.26,4.12,13.11,16149.01
20170617,2017-06-17,2017-06,2017,Jun,Saturday,1,75,74,0,72,74,12746.15,11264.77,1481.38,84.0,172.25,0.0,4.17,3.95,11.83,16568.86
20170618,2017-06-18,2017-06,2017,Jun,Sunday,1,90,88,2,87,88,17584.14,15726.27,1857.87,99.0,199.82,2.22,1.15,4.2,11.09,16708.11
20170619,2017-06-19,2017-06,2017,Jun,Monday,0,156,155,1,152,152,25849.71,22692.83,3156.88,178.0,166.77,0.64,3.95,4.08,11.38,17930.81
20170620,2017-06-20,2017-06,2017,Jun,Tuesday,0,94,92,1,90,93,14069.74,10968.33,3101.41,107.0,152.93,1.06,2.22,3.88,10.16,17588.14
20170621,2017-06-21,2017-06,2017,Jun,Wednesday,0,35,35,0,34,35,7271.58,6183.65,1087.93,38.0,207.76,0.0,5.88,4.43,9.47,15287.86
20170622,2017-06-22,2017-06,2017,Jun,Thursday,0,88,86,2,83,87,10394.48,8643.41,1751.07,96.0,120.87,2.27,6.02,4.02,12.12,14655.57
20170623,2017-06-23,2017-06,2017,Jun,Friday,0,107,106,1,103,106,15422.94,13023.98,2398.96,116.0,145.5,0.93,0.0,4.42,11.72,14762.68
20170624,2017-06-24,2017-06,2017,Jun,Saturday,1,76,76,0,74,75,10013.7,8325.65,1688.05,81.0,131.76,0.0,8.11,4.09,13.5,14372.33
20170625,2017-06-25,2017-06,2017,Jun,Sunday,1,105,105,0,99,102,20734.34,17646.18,3088.16,117.0,197.47,0.0,1.01,4.16,10.34,14822.36
20170626,2017-06-26,2017-06,2017,Jun,Monday,0,72,72,0,67,69,15200.32,13414.76,1785.56,83.0,211.12,0.0,4.48,4.15,11.58,13301.01
20170627,2017-06-27,2017-06,2017,Jun,Tuesday,0,141,140,0,140,141,19575.96,16681.61,2894.35,153.0,139.83,0.0,1.43,4.16,10.2,14087.62
20170628,2017-06-28,2017-06,2017,Jun,Wednesday,0,120,120,0,117,119,17051.85,14655.82,2396.03,128.0,142.1,0.0,3.42,4.13,11.6,15484.8
20170629,2017-06-29,2017-06,2017,Jun,Thursday,0,114,110,0,110,112,14275.04,12169.53,2105.51,122.0,129.77,0.0,3.64,4.13,11.32,16039.16
20170630,2017-06-30,2017-06,2017,Jun,Friday,0,95,93,0,93,95,14750.45,12736.89,2013.56,97.0,158.61,0.0,3.23,4.35,13.0,15943.09
20170701,2017-07-01,2017-07,2017,Jul,Saturday,1,80,80,0,77,80,14139.0,12151.75,1987.25,94.0,176.74,0.0,1.3,4.04,12.95,16532.42
20170702,2017-07-02,2017-07,2017,Jul,Sunday,1,108,104,2,102,107,13634.96,11459.45,2175.51,117.0,131.11,1.85,1.96,4.18,10.67,15518.23
20170703,2017-07-03,2017-07,2017,Jul,Monday,0,118,116,1,111,117,19192.61,16569.25,2623.36,129.0,165.45,0.85,0.9,4.19,11.42,16088.55
20170704,2017-07-04,2017-07,2017,Jul,Tuesday,0,125,123,0,120,122,17940.64,15484.24,2456.4,134.0,145.86,0.0,5.0,4.01,11.45,15854.94
20170705,2017-07-05,2017-07,2017,Jul,Wednesday,0,145,139,2,138,142,23994.92,20662.92,3332.0,161.0,172.63,1.38,3.62,4.06,11.83,16846.8
20170706,2017-07-06,2017-07,2017,Jul,Thursday,0,154,148,0,140,152,25716.31,22223.72,3492.59,162.0,173.76,0.0,2.14,4.14,12.33,18481.27
20170707,2017-07-07,2017-07,2017,Jul,Friday,0,121,116,1,114,120,15764.14,13237.87,2526.27,133.0,135.9,0.83,0.0,4.31,12.2,18626.08
20170708,2017-07-08,2017-07,2017,Jul,Saturday,1,84,83,0,83,83,11897.07,10206.86,1690.21,91.0,143.34,0.0,0.0,4.44,11.37,18305.81
20170709,2017-07-09,2017-07,2017,Jul,Sunday,1,94,88,3,88,94,9915.73,8070.58,1845.15,96.0,112.68,3.19,3.41,4.0,11.26,17774.49
20170710,2017-07-10,2017-07,2017,Jul,Monday,0,143,140,0,140,140,20397.34,17326.93,3070.41,156.0,145.7,0.0,5.71,4.34,12.14,17946.59
20170711,2017-07-11,2017-07,2017,Jul,Tuesday,0,165,161,1,158,164,23591.05,19973.79,3617.26,183.0,146.53,0.61,1.9,4.25,11.15,18753.79
20170712,2017-07-12,2017-07,2017,Jul,Wednesday,0,153,147,2,145,153,22270.41,19042.22,3228.19,164.0,151.5,1.31,3.45,4.03,11.93,18507.44
20170713,2017-07-13,2017-07,2017,Jul,Thursday,0,137,136,1,131,135,17902.73,14465.01,3437.72,154.0,131.64,0.73,3.82,4.05,12.95,17391.21
20170714,2017-07-14,2017-07,2017,Jul,Friday,0,149,149,0,148,147,21833.26,18745.15,3088.11,168.0,146.53,0.0,0.68,4.16,12.51,18258.23
20170715,2017-07-15,2017-07,2017,Jul,Saturday,1,98,98,0,97,98,13128.06,10930.56,2197.5,112.0,133.96,0.0,2.06,4.21,12.54,18434.08
20170716,2017-07-16,2017-07,2017,Jul,Sunday,1,114,111,2,107,113,15540.9,13027.62,2513.28,146.0,140.01,1.75,5.61,4.02,12.51,19237.68
20170717,2017-07-17,2017-07,2017,Jul,Monday,0,168,163,0,162,165,25363.55,21554.98,3808.57,194.0,155.6,0.0,3.7,4.07,10.68,19947.14
20170718,2017-07-18,2017-07,2017,Jul,Tuesday,0,192,190,0,188,188,32186.33,28238.2,3948.13,220.0,169.4,0.0,3.72,4.08,11.27,21175.03
20170719,2017-07-19,2017-07,2017,Jul,Wednesday,0,153,150,0,148,150,19710.43,16545.34,3165.09,171.0,131.4,0.0,2.03,4.16,11.05,20809.32
20170720,2017-07-20,2017-07,2017,Jul,Thursday,0,142,140,1,139,142,21187.91,17974.18,3213.73,167.0,151.34,0.7,2.88,4.23,11.58,21278.63
20170721,2017-07-21,2017-07,2017,Jul,Friday,0,115,113,1,112,112,15124.86,12799.85,2325.01,130.0,133.85,0.87,3.57,4.11,11.88,20320.29
20170722,2017-07-22,2017-07,2017,Jul,Saturday,1,88,88,0,87,84,13318.54,11456.81,1861.73,101.0,151.35,0.0,2.3,4.08,12.49,20347.5
20170723,2017-07-23,2017-07,2017,Jul,Sunday,1,105,104,0,101,104,14005.72,12117.61,1888.11,107.0,134.67,0.0,0.99,4.24,9.92,20128.19
20170724,2017-07-24,2017-07,2017,Jul,Monday,0,162,158,3,157,159,21344.73,18212.72,3132.01,176.0,135.09,1.85,5.1,4.22,11.11,19554.07
20170725,2017-07-25,2017-07,2017,Jul,Tuesday,0,153,149,3,145,151,20104.92,17070.12,3034.8,169.0,134.93,1.96,2.76,4.05,10.88,17828.16
20170726,2017-07-26,2017-07,2017,Jul,Wednesday,0,124,121,2,117,121,13709.72,11097.25,2612.47,144.0,113.3,1.61,2.56,4.37,10.7,16970.91
20170727,2017-07-27,2017-07,2017,Jul,Thursday,0,124,123,0,121,123,18729.08,15693.93,3035.15,138.0,152.27,0.0,2.48,4.23,11.86,16619.65
20170728,2017-07-28,2017-07,2017,Jul,Friday,0,132,132,0,130,129,23276.3,20043.16,3233.14,153.0,176.34,0.0,2.31,4.38,11.88,17784.14
20170729,2017-07-29,2017-07,2017,Jul,Saturday,1,115,114,1,109,112,18205.24,15814.28,2390.96,129.0,159.7,0.87,3.67,4.0,11.64,18482.24
20170730,2017-07-30,2017-07,2017,Jul,Sunday,1,117,117,0,114,116,15341.68,12944.87,2396.81,130.0,131.13,0.0,0.88,4.2,9.55,18673.1
20170731,2017-07-31,2017-07,2017,Jul,Monday,0,148,145,2,143,144,20285.59,17146.08,3139.51,164.0,139.9,1.35,2.8,4.16,9.45,18521.79
20170801,2017-08-01,2017-08,2017,Aug,Tuesday,0,165,165,0,161,164,25413.33,21745.04,3668.29,185.0,154.02,0.0,4.35,4.18,11.12,19280.13
20170802,2017-08-02,2017-08,2017,Aug,Wednesday,0,157,152,3,149,157,20933.4,17999.35,2934.05,169.0,137.72,1.91,2.68,3.97,9.64,20312.09
20170803,2017-08-03,2017-08,2017,Aug,Thursday,0,148,145,2,144,146,22063.41,18985.61,3077.8,165.0,152.16,1.35,2.08,4.36,10.48,20788.42
20170804,2017-08-04,2017-08,2017,Aug,Friday,0,142,141,0,139,139,21629.61,18361.62,3267.99,161.0,153.4,0.0,2.88,4.27,12.28,20553.18
20170805,2017-08-05,2017-08,2017,Aug,Saturday,1,115,114,1,113,113,14407.83,11898.24,2509.59,125.0,126.38,0.87,1.77,4.33,12.15,20010.69
20170806,2017-08-06,2017-08,2017,Aug,Sunday,1,109,108,0,105,108,16965.11,14181.14,2783.97,122.0,157.08,0.0,3.81,4.1,12.39,20242.61
20170807,2017-08-07,2017-08,2017,Aug,Monday,0,157,157,0,157,155,26629.34,23257.84,3371.5,182.0,169.61,0.0,2.55,4.34,10.41,21148.86
20170808,2017-08-08,2017-08,2017,Aug,Tuesday,0,146,146,0,146,145,21527.55,18661.63,2865.92,159.0,147.45,0.0,4.11,4.34,10.84,20593.75
20170809,2017-08-09,2017-08,2017,Aug,Wednesday,0,144,141,1,140,144,23752.27,20508.27,3244.0,160.0,168.46,0.69,1.43,4.25,10.49,20996.45
20170810,2017-08-10,2017-08,2017,Aug,Thursday,0,157,154,1,154,153,23196.09,19865.55,3330.54,175.0,150.62,0.64,3.9,4.26,12.27,21158.26
20170811,2017-08-11,2017-08,2017,Aug,Friday,0,141,137,1,133,138,22339.47,19139.34,3200.13,163.0,163.06,0.71,2.26,4.2,11.4,21259.67
20170812,2017-08-12,2017-08,2017,Aug,Saturday,1,98,95,2,91,96,15511.91,13371.96,2139.95,106.0,163.28,2.04,3.3,4.16,11.24,21417.39
20170813,2017-08-13,2017-08,2017,Aug,Sunday,1,96,91,1,90,96,14405.43,12264.29,2141.14,108.0,158.3,1.04,2.22,4.2,9.98,21051.72
20170814,2017-08-14,2017-08,2017,Aug,Monday,0,159,154,2,153,156,21275.26,17927.47,3347.79,174.0,138.15,1.26,1.31,4.25,9.69,20286.85
20170815,2017-08-15,2017-08,2017,Aug,Tuesday,0,194,193,0,186,190,27940.67,23727.26,4213.41,210.0,144.77,0.0,2.69,4.25,12.05,21203.01
20170816,2017-08-16,2017-08,2017,Aug,Wednesday,0,174,170,3,166,170,25056.39,21098.91,3957.48,204.0,147.39,1.72,3.61,4.25,11.17,21389.32
20170817,2017-08-17,2017-08,2017,Aug,Thursday,0,158,155,1,153,155,21737.95,18357.91,3380.04,169.0,140.24,0.63,3.92,4.2,11.92,21181.01
20170818,2017-08-18,2017-08,2017,Aug,Friday,0,147,146,1,141,145,20025.87,17132.01,2893.86,160.0,137.16,0.68,2.84,4.19,11.23,20850.5
20170819,2017-08-19,2017-08,2017,Aug,Saturday,1,108,107,1,106,108,15072.0,12882.48,2189.52,123.0,140.86,0.93,1.89,4.11,11.16,20787.65
20170820,2017-08-20,2017-08,2017,Aug,Sunday,1,104,103,0,103,103,14955.17,12873.78,2081.39,118.0,145.2,0.0,0.97,4.19,9.9,20866.19
20170821,2017-08-21,2017-08,2017,Aug,Monday,0,177,177,0,172,175,26019.72,22219.35,3800.37,212.0,147.0,0.0,2.91,4.25,10.03,21543.97
20170822,2017-08-22,2017-08,2017,Aug,Tuesday,0,138,136,1,135,134,19749.47,16627.12,3122.35,161.0,145.22,0.72,2.22,4.25,10.38,20373.8
20170823,2017-08-23,2017-08,2017,Aug,Wednesday,0,112,111,0,111,110,18593.79,15873.61,2720.18,158.0,167.51,0.0,2.7,4.2,10.48,19450.57
20170824,2017-08-24,2017-08,2017,Aug,Thursday,0,128,126,0,123,126,15982.51,13361.11,2621.4,143.0,126.85,0.0,2.44,4.21,11.67,18628.36
20170825,2017-08-25,2017-08,2017,Aug,Friday,0,123,121,2,117,119,17277.28,15068.65,2208.63,133.0,142.79,1.63,5.98,4.08,13.21,18235.71
20170826,2017-08-26,2017-08,2017,Aug,Saturday,1,93,93,0,89,93,12054.65,10141.69,1912.96,99.0,129.62,0.0,1.12,4.22,10.75,17804.66
20170827,2017-08-27,2017-08,2017,Aug,Sunday,1,119,118,0,115,117,16295.46,13367.88,2927.58,143.0,138.1,0.0,1.74,4.16,10.03,17996.13
20170828,2017-08-28,2017-08,2017,Aug,Monday,0,155,154,1,150,150,25497.07,22062.52,3434.55,171.0,165.57,0.65,3.33,4.34,9.82,17921.46
20170829,2017-08-29,2017-08,2017,Aug,Tuesday,0,137,137,0,135,136,37025.69,33756.48,3269.21,155.0,270.26,0.0,5.19,4.2,11.53,20389.49
20170830,2017-08-30,2017-08,2017,Aug,Wednesday,0,181,177,2,173,176,34874.83,30856.17,4018.66,197.0,197.03,1.1,1.73,4.3,10.96,22715.36
20170831,2017-08-31,2017-08,2017,Aug,Thursday,0,149,148,1,143,148,23694.99,20671.51,3023.48,172.0,160.1,0.67,4.9,4.23,10.96,23817.14
20170901,2017-09-01,2017-09,2017,Sep,Friday,0,158,157,1,153,155,32387.45,28419.14,3968.31,182.0,206.29,0.63,4.58,4.03,12.54,25975.73
20170902,2017-09-02,2017-09,2017,Sep,Saturday,1,104,104,0,102,102,20479.18,18128.66,2350.52,118.0,196.92,0.0,0.98,4.54,11.34,27179.24
20170903,2017-09-03,2017-09,2017,Sep,Sunday,1,125,124,1,123,125,30887.46,27741.42,3146.04,141.0,249.09,0.8,0.81,4.42,10.29,29263.81
20170904,2017-09-04,2017-09,2017,Sep,Monday,0,150,148,0,147,146,28385.22,24937.98,3447.24,161.0,191.79,0.0,4.08,4.24,12.07,29676.4
20170905,2017-09-05,2017-09,2017,Sep,Tuesday,0,157,154,0,151,157,24528.97,20981.55,3547.42,181.0,159.28,0.0,1.32,4.06,11.25,27891.16
20170906,2017-09-06,2017-09,2017,Sep,Wednesday,0,140,139,1,138,139,28304.19,25134.71,3169.48,156.0,203.63,0.71,6.52,4.05,13.52,26952.49
20170907,2017-09-07,2017-09,2017,Sep,Thursday,0,99,97,0,97,98,19096.76,16893.5,2203.26,104.0,196.87,0.0,3.09,4.3,11.57,26295.6
20170908,2017-09-08,2017-09,2017,Sep,Friday,0,116,114,1,111,114,14179.09,11573.57,2605.52,132.0,124.38,0.86,4.5,4.29,12.43,23694.41
20170909,2017-09-09,2017-09,2017,Sep,Saturday,1,106,106,0,103,103,17675.75,15082.53,2593.22,119.0,166.75,0.0,2.91,4.07,11.17,23293.92
20170910,2017-09-10,2017-09,2017,Sep,Sunday,1,136,134,1,132,135,20702.76,17708.37,2994.39,151.0,154.5,0.74,6.82,4.19,10.66,21838.96
20170911,2017-09-11,2017-09,2017,Sep,Monday,0,180,177,1,176,180,26916.45,23326.79,3589.66,192.0,152.07,0.56,3.41,4.28,9.91,21629.14
20170912,2017-09-12,2017-09,2017,Sep,Tuesday,0,206,203,2,200,202,32097.23,27006.02,5091.21,243.0,158.11,0.97,8.0,4.04,12.2,22710.32
20170913,2017-09-13,2017-09,2017,Sep,Wednesday,0,207,204,1,203,205,31601.21,27333.38,4267.83,227.0,154.91,0.48,7.39,4.12,11.91,23181.32
20170914,2017-09-14,2017-09,2017,Sep,Thursday,0,166,166,0,163,164,26502.51,22557.76,3944.75,198.0,159.65,0.0,7.36,4.02,12.0,24239.29
20170915,2017-09-15,2017-09,2017,Sep,Friday,0,150,148,2,144,149,21359.53,18208.27,3151.26,163.0,144.32,1.33,5.56,4.11,12.51,25265.06
20170916,2017-09-16,2017-09,2017,Sep,Saturday,1,129,127,2,125,128,23548.28,20705.63,2842.65,135.0,185.42,1.55,8.0,4.05,12.8,26104.0
20170917,2017-09-17,2017-09,2017,Sep,Sunday,1,126,125,0,125,124,22826.04,19979.42,2846.62,136.0,182.61,0.0,6.4,4.12,12.25,26407.32
20170918,2017-09-18,2017-09,2017,Sep,Monday,0,183,183,0,179,180,32535.25,28487.81,4047.44,218.0,177.79,0.0,10.06,4.1,11.47,27210.01
20170919,2017-09-19,2017-09,2017,Sep,Tuesday,0,154,153,0,149,152,23425.66,20057.95,3367.71,179.0,153.11,0.0,6.71,4.1,11.75,25971.21
20170920,2017-09-20,2017-09,2017,Sep,Wednesday,0,163,161,0,158,162,26032.15,22102.55,3929.6,187.0,161.69,0.0,4.43,4.25,11.29,25175.63
20170921,2017-09-21,2017-09,2017,Sep,Thursday,0,150,150,0,144,150,22458.19,19015.53,3442.66,176.0,149.72,0.0,2.08,4.15,12.58,24597.87
20170922,2017-09-22,2017-09,2017,Sep,Friday,0,138,135,1,133,135,18514.18,15755.12,2759.06,152.0,137.14,0.72,1.5,4.19,11.68,24191.39
20170923,2017-09-23,2017-09,2017,Sep,Saturday,1,88,84,1,81,87,12191.12,10302.51,1888.61,98.0,145.13,1.14,0.0,4.09,12.19,22568.94
20170924,2017-09-24,2017-09,2017,Sep,Sunday,1,118,112,2,112,114,15371.22,12920.75,2450.47,123.0,137.24,1.69,1.79,4.24,11.53,21503.97
20170925,2017-09-25,2017-09,2017,Sep,Monday,0,136,132,1,129,136,20839.71,17897.6,2942.11,153.0,157.88,0.74,0.78,4.19,10.81,19833.18
20170926,2017-09-26,2017-09,2017,Sep,Tuesday,0,180,179,0,174,179,25241.66,21681.9,3559.76,196.0,141.01,0.0,4.02,4.38,11.22,20092.6
20170927,2017-09-27,2017-09,2017,Sep,Wednesday,0,147,144,1,144,145,24083.23,20646.92,3436.31,174.0,167.24,0.68,2.08,4.28,11.56,19814.19
20170928,2017-09-28,2017-09,2017,Sep,Thursday,0,143,142,1,140,143,26349.1,23264.52,3084.58,165.0,185.56,0.7,2.14,4.21,11.34,20370.03
20170929,2017-09-29,2017-09,2017,Sep,Friday,0,121,116,0,109,119,33704.0,30878.56,2825.44,135.0,290.55,0.0,4.59,4.08,12.73,22540.01
20170930,2017-09-30,2017-09,2017,Sep,Saturday,1,109,109,0,105,109,14879.17,12685.49,2193.68,120.0,136.51,0.0,0.0,4.16,11.43,22924.01
20171001,2017-10-01,2017-10,2017,Oct,Sunday,1,128,126,2,124,126,21471.55,18431.37,3040.18,142.0,170.41,1.56,2.42,4.12,11.92,23795.49
20171002,2017-10-02,2017-10,2017,Oct,Monday,0,143,142,0,140,143,25178.3,21764.65,3413.65,166.0,177.31,0.0,1.43,4.1,10.89,24415.29
20171003,2017-10-03,2017-10,2017,Oct,Tuesday,0,198,198,0,193,195,30389.12,26118.57,4270.55,218.0,153.48,0.0,2.59,4.11,11.2,25150.64
20171004,2017-10-04,2017-10,2017,Oct,Wednesday,0,157,157,0,156,155,24787.58,21197.7,3589.88,171.0,157.88,0.0,0.64,4.29,11.97,25251.26
20171005,2017-10-05,2017-10,2017,Oct,Thursday,0,140,139,1,138,140,28815.44,25230.42,3585.02,170.0,207.31,0.71,3.62,3.89,12.73,25603.59
20171006,2017-10-06,2017-10,2017,Oct,Friday,0,130,125,1,124,128,19924.43,17024.77,2899.66,153.0,159.4,0.77,5.65,3.98,14.33,23635.08
20171007,2017-10-07,2017-10,2017,Oct,Saturday,1,105,102,1,100,104,17422.65,15111.02,2311.63,116.0,170.81,0.95,6.0,4.03,13.62,23998.44
20171008,2017-10-08,2017-10,2017,Oct,Sunday,1,126,124,0,124,124,19424.09,16539.01,2885.08,137.0,156.65,0.0,0.0,4.28,10.84,23705.94
20171009,2017-10-09,2017-10,2017,Oct,Monday,0,193,189,2,187,191,33751.0,29148.89,4602.11,221.0,178.58,1.04,4.81,4.08,12.2,24930.62
20171010,2017-10-10,2017-10,2017,Oct,Tuesday,0,185,178,2,175,183,31753.46,28072.33,3681.13,204.0,178.39,1.08,6.86,4.08,12.24,25125.52
20171011,2017-10-11,2017-10,2017,Oct,Wednesday,0,158,156,0,151,154,25916.4,22669.37,3247.03,178.0,166.13,0.0,4.64,4.12,11.44,25286.78
20171012,2017-10-12,2017-10,2017,Oct,Thursday,0,143,138,2,136,142,22111.29,18704.98,3406.31,156.0,160.23,1.4,2.94,4.02,12.74,24329.05
20171013,2017-10-13,2017-10,2017,Oct,Friday,0,154,151,0,150,153,26405.41,22881.19,3524.22,165.0,174.87,0.0,5.33,4.1,12.98,25254.9
20171014,2017-10-14,2017-10,2017,Oct,Saturday,1,116,115,1,114,116,16131.48,13490.95,2640.53,127.0,140.27,0.86,3.51,4.22,11.13,25070.45
20171015,2017-10-15,2017-10,2017,Oct,Sunday,1,121,120,0,117,121,21299.15,18751.85,2547.3,137.0,177.49,0.0,3.42,4.09,10.24,25338.31
20171016,2017-10-16,2017-10,2017,Oct,Monday,0,195,194,1,188,194,35107.63,30580.16,4527.47,226.0,180.97,0.51,4.79,4.13,11.38,25532.12
20171017,2017-10-17,2017-10,2017,Oct,Tuesday,0,202,197,0,195,199,34756.27,29675.77,5080.5,259.0,176.43,0.0,7.18,4.19,11.98,25961.09
20171018,2017-10-18,2017-10,2017,Oct,Wednesday,0,179,176,0,176,177,31501.86,27257.79,4244.07,223.0,178.99,0.0,3.41,4.21,10.94,26759.01
20171019,2017-10-19,2017-10,2017,Oct,Thursday,0,176,175,0,172,173,26909.61,23223.71,3685.9,195.0,153.77,0.0,3.49,3.95,11.59,27444.49
20171020,2017-10-20,2017-10,2017,Oct,Friday,0,124,119,3,118,123,21471.4,18543.3,2928.1,130.0,180.43,2.42,3.39,4.06,12.0,26739.63
20171021,2017-10-21,2017-10,2017,Oct,Saturday,1,113,108,2,104,111,17095.83,14559.65,2536.18,122.0,158.29,1.77,2.88,3.92,11.01,26877.39
20171022,2017-10-22,2017-10,2017,Oct,Sunday,1,158,156,1,152,155,23171.49,19735.66,3435.83,181.0,148.54,0.63,5.26,4.1,11.13,27144.87
20171023,2017-10-23,2017-10,2017,Oct,Monday,0,161,157,1,152,159,25679.1,22138.1,3541.0,188.0,163.56,0.62,2.63,4.01,10.83,25797.94
20171024,2017-10-24,2017-10,2017,Oct,Tuesday,0,164,163,1,162,163,25710.98,22051.37,3659.61,192.0,157.74,0.61,5.56,4.29,10.84,24505.75
20171025,2017-10-25,2017-10,2017,Oct,Wednesday,0,156,154,0,152,153,20731.59,17507.06,3224.53,171.0,134.62,0.0,2.63,4.28,11.78,22967.14
20171026,2017-10-26,2017-10,2017,Oct,Thursday,0,144,142,1,140,143,25578.35,21851.8,3726.55,178.0,180.13,0.69,5.71,4.08,11.39,22776.96
20171027,2017-10-27,2017-10,2017,Oct,Friday,0,133,131,0,130,133,23152.45,20377.58,2774.87,156.0,176.74,0.0,5.38,4.07,12.88,23017.11
20171028,2017-10-28,2017-10,2017,Oct,Saturday,1,88,86,1,85,84,18922.48,16483.61,2438.87,97.0,220.03,1.14,2.35,4.16,12.73,23278.06
20171029,2017-10-29,2017-10,2017,Oct,Sunday,1,132,129,2,129,129,20048.32,17048.75,2999.57,159.0,155.41,1.52,3.88,4.15,10.81,22831.9
20171030,2017-10-30,2017-10,2017,Oct,Monday,0,149,143,1,138,148,23290.79,20195.24,3095.55,168.0,162.87,0.67,9.42,4.07,11.21,22490.71
20171031,2017-10-31,2017-10,2017,Oct,Tuesday,0,160,157,0,156,159,26846.53,23813.0,3033.53,194.0,171.0,0.0,5.13,4.03,11.81,22652.93
20171101,2017-11-01,2017-11,2017,Nov,Wednesday,0,111,109,0,108,110,22066.99,19383.61,2683.38,127.0,202.45,0.0,3.7,4.26,12.75,22843.7
20171102,2017-11-02,2017-11,2017,Nov,Thursday,0,124,119,2,117,124,23941.11,21163.83,2777.28,143.0,201.19,1.61,3.42,3.95,12.72,22609.81
20171103,2017-11-03,2017-11,2017,Nov,Friday,0,143,138,0,138,140,26036.15,22844.05,3192.1,169.0,188.67,0.0,2.17,4.06,12.59,23021.77
20171104,2017-11-04,2017-11,2017,Nov,Saturday,1,111,111,0,106,110,22294.81,19169.07,3125.74,135.0,200.85,0.0,3.77,4.08,12.15,23503.53
20171105,2017-11-05,2017-11,2017,Nov,Sunday,1,144,140,2,137,139,20003.44,16461.54,3541.9,161.0,142.88,1.39,2.19,4.08,11.43,23497.12
20171106,2017-11-06,2017-11,2017,Nov,Monday,0,193,186,4,182,193,32360.35,27867.84,4492.51,205.0,173.98,2.07,6.04,4.03,13.37,24792.77
20171107,2017-11-07,2017-11,2017,Nov,Tuesday,0,160,157,0,154,159,24610.72,20829.71,3781.01,177.0,156.76,0.0,5.19,4.12,11.52,24473.37
20171108,2017-11-08,2017-11,2017,Nov,Wednesday,0,175,173,2,169,173,23241.95,19227.52,4014.43,198.0,134.35,1.14,5.33,4.04,12.05,24641.22
20171109,2017-11-09,2017-11,2017,Nov,Thursday,0,191,186,3,182,190,28440.6,24640.35,3800.25,221.0,152.91,1.57,3.85,4.06,12.13,25284.0
20171110,2017-11-10,2017-11,2017,Nov,Friday,0,165,163,2,159,164,22628.52,19323.84,3304.68,188.0,138.83,1.21,5.66,3.93,13.65,24797.2
20171111,2017-11-11,2017-11,2017,Nov,Saturday,1,159,154,1,152,158,26574.06,23203.07,3370.99,174.0,172.56,0.63,4.61,4.05,14.31,25408.52
20171112,2017-11-12,2017-11,2017,Nov,Sunday,1,174,172,0,170,174,26529.31,23087.26,3442.05,186.0,154.24,0.0,4.12,4.14,12.91,26340.79
20171113,2017-11-13,2017-11,2017,Nov,Monday,0,205,200,2,197,204,29110.72,24200.32,4910.4,233.0,145.55,0.98,7.61,4.1,13.39,25876.55
20171114,2017-11-14,2017-11,2017,Nov,Tuesday,0,192,185,4,184,190,30922.17,26692.95,4229.22,213.0,167.15,2.08,10.33,3.97,15.53,26778.19
20171115,2017-11-15,2017-11,2017,Nov,Wednesday,0,186,182,3,176,185,26726.96,22947.39,3779.57,213.0,146.85,1.61,5.11,3.96,12.88,27276.05
20171116,2017-11-16,2017-11,2017,Nov,Thursday,0,226,224,0,219,224,32918.09,28268.82,4649.27,257.0,146.96,0.0,7.76,4.19,13.58,27915.69
20171117,2017-11-17,2017-11,2017,Nov,Friday,0,197,189,0,185,195,34192.17,29209.07,4983.1,225.0,180.91,0.0,7.57,3.9,13.58,29567.64
20171118,2017-11-18,2017-11,2017,Nov,Saturday,1,149,145,1,141,146,27185.15,23224.8,3960.35,170.0,187.48,0.67,10.64,4.0,14.38,29654.94
20171119,2017-11-19,2017-11,2017,Nov,Sunday,1,158,158,0,157,155,23312.61,19955.56,3357.05,176.0,147.55,0.0,10.19,4.29,11.93,29195.41
20171120,2017-11-20,2017-11,2017,Nov,Monday,0,230,225,2,219,228,50009.09,44235.47,5773.62,261.0,222.26,0.87,13.24,3.89,13.45,32180.89
20171121,2017-11-21,2017-11,2017,Nov,Tuesday,0,228,224,2,222,227,39152.17,34209.84,4942.33,256.0,174.79,0.88,18.02,4.0,13.82,33356.61
20171122,2017-11-22,2017-11,2017,Nov,Wednesday,0,201,197,1,190,198,29647.82,24678.47,4969.35,238.0,150.5,0.5,14.74,3.82,14.31,33773.87
20171123,2017-11-23,2017-11,2017,Nov,Thursday,0,283,275,2,268,279,50322.11,43563.89,6758.22,334.0,182.99,0.71,13.81,3.76,16.08,36260.16
20171124,2017-11-24,2017-11,2017,Nov,Friday,0,1176,1166,0,1147,1161,178377.63,152653.74,25723.89,1366.0,152.98,0.0,17.35,3.72,17.09,56858.08
20171125,2017-11-25,2017-11,2017,Nov,Saturday,1,499,498,0,487,492,71858.16,60923.48,10934.68,580.0,144.29,0.0,20.94,3.63,19.29,63239.94
20171126,2017-11-26,2017-11,2017,Nov,Sunday,1,391,387,2,382,386,53245.63,44976.28,8269.35,455.0,137.59,0.51,17.8,3.78,16.54,67516.09
20171127,2017-11-27,2017-11,2017,Nov,Monday,0,403,400,0,395,399,56644.85,47923.66,8721.19,474.0,141.61,0.0,18.23,3.7,16.32,68464.05
20171128,2017-11-28,2017-11,2017,Nov,Tuesday,0,380,376,1,372,377,56248.47,47886.55,8361.92,431.0,149.6,0.26,17.2,3.88,15.46,70906.38
20171129,2017-11-29,2017-11,2017,Nov,Wednesday,0,323,318,1,314,322,46971.78,39787.42,7184.36,365.0,147.71,0.31,18.47,3.72,17.76,73381.23
20171130,2017-11-30,2017-11,2017,Nov,Thursday,0,267,264,0,260,264,36618.09,31322.74,5295.35,295.0,138.7,0.0,10.0,3.93,15.92,71423.52
20171201,2017-12-01,2017-12,2017,Dec,Friday,0,275,274,1,267,267,45973.82,39981.91,5991.91,312.0,167.79,0.36,10.86,3.92,16.39,52508.69
20171202,2017-12-02,2017-12,2017,Dec,Saturday,1,216,214,0,212,215,35713.18,31208.13,4505.05,235.0,166.88,0.0,11.79,3.83,16.58,47345.12
20171203,2017-12-03,2017-12,2017,Dec,Sunday,1,234,231,1,227,233,34207.42,29262.92,4944.5,261.0,148.08,0.43,10.57,3.85,14.99,44625.37
20171204,2017-12-04,2017-12,2017,Dec,Monday,0,337,330,1,322,333,53445.52,46548.53,6896.99,368.0,161.96,0.3,13.04,3.91,15.67,44168.33
20171205,2017-12-05,2017-12,2017,Dec,Tuesday,0,282,275,0,269,281,39560.42,33632.37,5928.05,323.0,143.86,0.0,10.78,3.95,15.42,41784.32
20171206,2017-12-06,2017-12,2017,Dec,Wednesday,0,280,273,1,269,276,45490.22,39198.74,6291.48,314.0,166.63,0.36,10.04,3.94,16.51,41572.67
20171207,2017-12-07,2017-12,2017,Dec,Thursday,0,229,226,0,223,228,32920.88,28055.78,4865.1,257.0,145.67,0.0,9.87,3.97,16.01,41044.49
20171208,2017-12-08,2017-12,2017,Dec,Friday,0,219,215,0,210,218,34362.22,29847.46,4514.76,237.0,159.82,0.0,11.43,3.86,16.76,39385.69
20171209,2017-12-09,2017-12,2017,Dec,Saturday,1,155,155,0,154,153,23639.52,20027.04,3612.48,170.0,152.51,0.0,7.79,3.97,17.4,37660.89
20171210,2017-12-10,2017-12,2017,Dec,Sunday,1,190,187,1,184,186,28617.28,24695.79,3921.49,205.0,153.03,0.53,7.07,4.01,14.85,36862.29
20171211,2017-12-11,2017-12,2017,Dec,Monday,0,267,266,1,262,264,39071.53,33705.39,5366.14,295.0,146.89,0.37,5.34,3.94,15.34,34808.87
20171212,2017-12-12,2017-12,2017,Dec,Tuesday,0,260,258,0,251,258,38557.38,33468.71,5088.67,295.0,149.45,0.0,9.16,3.88,15.22,34665.58
20171213,2017-12-13,2017-12,2017,Dec,Wednesday,0,218,217,1,215,213,34124.77,29361.48,4763.29,260.0,157.26,0.46,4.19,3.96,14.0,33041.94
20171214,2017-12-14,2017-12,2017,Dec,Thursday,0,200,199,0,195,199,29580.87,25286.23,4294.64,215.0,148.65,0.0,5.64,3.98,15.44,32564.8
20171215,2017-12-15,2017-12,2017,Dec,Friday,0,192,192,0,185,191,31451.63,27382.2,4069.43,208.0,163.81,0.0,5.41,3.96,16.09,32149.0
20171216,2017-12-16,2017-12,2017,Dec,Saturday,1,131,131,0,129,130,22907.06,20296.28,2610.78,144.0,174.86,0.0,4.65,4.09,15.65,32044.36
20171217,2017-12-17,2017-12,2017,Dec,Sunday,1,133,133,0,130,130,22106.0,19312.41,2793.59,151.0,166.21,0.0,3.08,4.14,13.03,31114.18
20171218,2017-12-18,2017-12,2017,Dec,Monday,0,209,208,0,205,208,33810.61,29162.11,4648.5,233.0,162.55,0.0,5.85,4.16,14.68,30362.62
20171219,2017-12-19,2017-12,2017,Dec,Tuesday,0,176,174,0,173,175,24128.29,20615.99,3512.3,201.0,138.67,0.0,6.94,4.23,14.36,28301.32
20171220,2017-12-20,2017-12,2017,Dec,Wednesday,0,171,171,0,168,170,32004.67,27958.53,4046.14,196.0,187.16,0.0,5.36,4.0,15.96,27998.45
20171221,2017-12-21,2017-12,2017,Dec,Thursday,0,143,142,1,140,142,21233.95,18327.53,2906.42,155.0,149.53,0.7,5.71,4.05,14.21,26806.03
20171222,2017-12-22,2017-12,2017,Dec,Friday,0,111,110,0,108,111,17208.04,14935.3,2272.74,127.0,156.44,0.0,4.63,4.13,15.78,24771.23
20171223,2017-12-23,2017-12,2017,Dec,Saturday,1,109,107,1,101,108,15357.09,12875.05,2482.04,119.0,143.52,0.92,11.88,3.93,17.3,23692.66
20171224,2017-12-24,2017-12,2017,Dec,Sunday,1,59,58,1,57,59,6708.53,5643.01,1065.52,60.0,115.66,1.69,0.0,4.15,11.65,21493.03
20171225,2017-12-25,2017-12,2017,Dec,Monday,0,90,90,0,86,88,12662.23,10381.34,2280.89,101.0,140.69,0.0,6.98,4.06,14.94,18471.83
20171226,2017-12-26,2017-12,2017,Dec,Tuesday,0,168,168,0,165,168,23787.74,20549.43,3238.31,181.0,141.59,0.0,2.42,4.22,12.33,18423.18
20171227,2017-12-27,2017-12,2017,Dec,Wednesday,0,167,166,0,164,167,21027.51,17700.4,3327.11,184.0,126.67,0.0,2.44,4.24,13.55,16855.01
20171228,2017-12-28,2017-12,2017,Dec,Thursday,0,146,146,0,143,146,17782.05,15037.49,2744.56,157.0,121.79,0.0,4.9,4.12,14.77,16361.88
20171229,2017-12-29,2017-12,2017,Dec,Friday,0,135,133,0,132,134,18765.65,16042.72,2722.93,151.0,141.1,0.0,3.03,4.15,15.13,16584.4
20171230,2017-12-30,2017-12,2017,Dec,Saturday,1,97,96,0,96,97,15189.49,13042.65,2146.84,108.0,158.22,0.0,3.13,3.92,15.75,16560.46
20171231,2017-12-31,2017-12,2017,Dec,Sunday,1,74,73,1,71,74,10131.2,8640.87,1490.33,77.0,138.78,1.35,1.41,4.05,13.45,17049.41
20180101,2018-01-01,2018-01,2018,Jan,Monday,0,74,73,0,72,73,8391.92,6948.21,1443.71,81.0,114.96,0.0,4.17,4.01,12.68,16439.37
20180102,2018-01-02,2018-01,2018,Jan,Tuesday,0,204,203,0,200,204,29410.51,25315.0,4095.51,233.0,144.88,0.0,1.5,4.08,12.02,17242.62
20180103,2018-01-03,2018-01,2018,Jan,Wednesday,0,225,221,1,219,224,36127.13,31286.73,4840.4,246.0,163.47,0.44,3.65,4.04,13.58,19399.71
20180104,2018-01-04,2018-01,2018,Jan,Thursday,0,258,255,0,248,256,39916.16,34839.44,5076.72,278.0,156.53,0.0,5.24,4.09,13.97,22561.72
20180105,2018-01-05,2018-01,2018,Jan,Friday,0,210,209,0,197,208,32227.36,27720.39,4506.97,244.0,154.2,0.0,4.57,4.02,14.8,24484.82
20180106,2018-01-06,2018-01,2018,Jan,Saturday,1,216,215,0,213,215,32581.28,27609.67,4971.61,258.0,151.54,0.0,2.35,4.0,15.23,26969.37
20180107,2018-01-07,2018-01,2018,Jan,Sunday,1,196,195,0,192,196,33918.12,29433.01,4485.11,220.0,173.94,0.0,2.08,4.13,12.63,30367.5
20180108,2018-01-08,2018-01,2018,Jan,Monday,0,293,292,0,287,291,45168.65,38714.4,6454.25,334.0,154.69,0.0,3.14,4.1,12.81,35621.32
20180109,2018-01-09,2018-01,2018,Jan,Tuesday,0,252,251,0,246,251,35401.33,30248.91,5152.42,272.0,141.04,0.0,3.66,4.15,13.42,36477.15
20180110,2018-01-10,2018-01,2018,Jan,Wednesday,0,277,277,0,271,277,44820.92,38479.53,6341.39,317.0,161.81,0.0,5.9,4.05,15.03,37719.12
20180111,2018-01-11,2018-01,2018,Jan,Thursday,0,266,264,0,260,265,46332.5,40056.96,6275.54,305.0,175.5,0.0,2.69,4.16,14.06,38635.74
20180112,2018-01-12,2018-01,2018,Jan,Friday,0,243,239,0,234,242,36932.97,30988.94,5944.03,284.0,154.53,0.0,4.27,3.88,14.71,39307.97
20180113,2018-01-13,2018-01,2018,Jan,Saturday,1,219,216,0,211,217,32679.83,28091.91,4587.92,240.0,151.3,0.0,2.37,4.13,13.29,39322.05
20180114,2018-01-14,2018-01,2018,Jan,Sunday,1,235,232,0,229,230,35388.83,30962.53,4426.3,252.0,152.54,0.0,5.68,4.02,13.33,39532.15
20180115,2018-01-15,2018-01,2018,Jan,Monday,0,307,305,0,300,304,44978.73,38330.3,6648.43,340.0,147.47,0.0,5.0,4.05,12.97,39505.02
20180116,2018-01-16,2018-01,2018,Jan,Tuesday,0,302,301,0,296,299,51093.97,44237.17,6856.8,362.0,169.75,0.0,7.43,3.92,13.56,41746.82
20180117,2018-01-17,2018-01,2018,Jan,Wednesday,0,282,282,0,277,280,42141.53,36089.22,6052.31,300.0,149.44,0.0,5.05,4.09,13.09,41364.05
20180118,2018-01-18,2018-01,2018,Jan,Thursday,0,241,238,0,236,235,32759.39,27774.77,4984.62,274.0,137.64,0.0,5.93,4.04,13.81,39425.04
20180119,2018-01-19,2018-01,2018,Jan,Friday,0,235,232,0,225,233,35264.83,29954.78,5310.05,263.0,152.0,0.0,8.0,3.79,14.76,39186.73
20180120,2018-01-20,2018-01,2018,Jan,Saturday,1,184,183,1,182,181,26761.96,22232.68,4529.28,207.0,146.24,0.54,8.79,4.11,15.02,38341.32
20180121,2018-01-21,2018-01,2018,Jan,Sunday,1,199,193,2,188,198,27756.28,23708.93,4047.35,212.0,143.81,1.01,9.04,3.89,14.41,37250.96
20180122,2018-01-22,2018-01,2018,Jan,Monday,0,314,309,1,305,309,43279.46,37047.65,6231.81,352.0,140.06,0.32,7.54,3.9,12.74,37008.2
20180123,2018-01-23,2018-01,2018,Jan,Tuesday,0,262,260,2,256,259,39827.74,34326.37,5501.37,298.0,153.18,0.76,8.59,4.1,13.91,35398.74
20180124,2018-01-24,2018-01,2018,Jan,Wednesday,0,244,240,3,236,241,36540.79,31413.79,5127.0,268.0,152.25,1.23,12.71,3.87,16.34,34598.64
20180125,2018-01-25,2018-01,2018,Jan,Thursday,0,233,230,2,226,229,34551.45,29528.62,5022.83,263.0,150.22,0.86,5.75,3.97,14.84,34854.64
20180126,2018-01-26,2018-01,2018,Jan,Friday,0,229,225,3,223,227,38977.72,33770.2,5207.52,262.0,173.23,1.31,5.83,3.94,13.99,35385.06
20180127,2018-01-27,2018-01,2018,Jan,Saturday,1,153,150,3,150,150,24564.62,21544.61,3020.01,172.0,163.76,1.96,4.67,3.99,13.84,35071.15
20180128,2018-01-28,2018-01,2018,Jan,Sunday,1,156,152,3,149,154,26994.25,23671.85,3322.4,165.0,177.59,1.92,4.03,4.19,13.1,34962.29
20180129,2018-01-29,2018-01,2018,Jan,Monday,0,246,242,4,242,243,35422.02,29987.56,5434.46,283.0,146.37,1.63,9.5,3.93,15.77,33839.8
20180130,2018-01-30,2018-01,2018,Jan,Tuesday,0,258,251,6,248,254,34437.19,28839.57,5597.62,307.0,137.2,2.33,10.08,3.91,15.59,33069.72
20180131,2018-01-31,2018-01,2018,Jan,Wednesday,0,256,252,3,251,251,37270.57,32302.59,4967.98,281.0,147.9,1.17,4.38,4.17,14.44,33173.97
20180201,2018-02-01,2018-02,2018,Feb,Thursday,0,232,228,4,227,229,35304.24,29985.75,5318.49,264.0,154.84,1.72,5.29,4.13,14.81,33281.52
20180202,2018-02-02,2018-02,2018,Feb,Friday,0,212,208,4,207,210,32342.35,27613.53,4728.82,252.0,155.49,1.89,7.73,3.86,17.01,32333.61
20180203,2018-02-03,2018-02,2018,Feb,Saturday,1,193,190,3,189,192,27166.84,23084.67,4082.17,206.0,142.98,1.55,3.7,4.2,16.81,32705.35
20180204,2018-02-04,2018-02,2018,Feb,Sunday,1,201,200,1,197,200,28027.41,23810.79,4216.62,221.0,140.14,0.5,3.55,4.09,14.79,32852.95
20180205,2018-02-05,2018-02,2018,Feb,Monday,0,271,266,5,265,265,42606.82,36866.24,5740.58,308.0,160.18,1.85,7.92,3.99,16.5,33879.35
20180206,2018-02-06,2018-02,2018,Feb,Tuesday,0,268,266,1,262,264,39596.15,33905.63,5690.52,299.0,148.86,0.37,5.34,3.85,15.3,34616.34
20180207,2018-02-07,2018-02,2018,Feb,Wednesday,0,248,243,3,242,244,36102.54,31121.44,4981.1,280.0,148.57,1.21,6.2,4.04,15.44,34449.48
20180208,2018-02-08,2018-02,2018,Feb,Thursday,0,230,225,4,225,227,31527.54,27074.86,4452.68,250.0,140.12,1.74,10.22,3.91,17.3,33909.95
20180209,2018-02-09,2018-02,2018,Feb,Friday,0,216,208,3,208,213,34627.5,30571.07,4056.43,226.0,166.48,1.39,11.06,3.94,18.15,34236.4
20180210,2018-02-10,2018-02,2018,Feb,Saturday,1,179,175,2,174,174,24894.29,21129.16,3765.13,194.0,142.25,1.12,8.05,3.97,16.54,33911.75
20180211,2018-02-11,2018-02,2018,Feb,Sunday,1,172,169,1,165,169,25856.33,22435.08,3421.25,187.0,153.0,0.58,13.33,3.6,16.78,33601.6
20180212,2018-02-12,2018-02,2018,Feb,Monday,0,218,214,1,214,214,27536.86,23255.73,4281.13,249.0,128.68,0.46,14.49,3.72,16.77,31448.74
20180213,2018-02-13,2018-02,2018,Feb,Tuesday,0,224,220,3,217,219,27965.51,23516.44,4449.07,261.0,127.12,1.34,11.52,3.89,14.75,29787.22
20180214,2018-02-14,2018-02,2018,Feb,Wednesday,0,295,290,4,287,284,43016.3,36830.97,6185.33,341.0,148.33,1.36,10.45,4.05,15.13,30774.9
20180215,2018-02-15,2018-02,2018,Feb,Thursday,0,283,276,5,270,277,37534.46,31968.97,5565.49,311.0,135.99,1.77,13.7,3.74,16.0,31633.04
20180216,2018-02-16,2018-02,2018,Feb,Friday,0,214,212,0,210,212,31674.13,26894.99,4779.14,245.0,149.41,0.0,13.33,3.73,16.55,31211.13
20180217,2018-02-17,2018-02,2018,Feb,Saturday,1,204,199,4,198,202,29274.24,24841.48,4432.76,221.0,147.11,1.96,12.63,3.82,17.2,31836.83
20180218,2018-02-18,2018-02,2018,Feb,Sunday,1,202,200,2,199,199,28937.0,24491.63,4445.37,232.0,144.69,0.99,14.57,3.91,15.95,32276.93
20180219,2018-02-19,2018-02,2018,Feb,Monday,0,259,255,4,251,256,33350.48,27869.13,5481.35,291.0,130.79,1.54,17.93,3.88,15.73,33107.45
20180220,2018-02-20,2018-02,2018,Feb,Tuesday,0,289,285,3,283,287,42333.99,36412.09,5921.9,312.0,148.54,1.04,12.01,3.84,14.84,35160.09
20180221,2018-02-21,2018-02,2018,Feb,Wednesday,0,266,261,4,260,256,37588.37,32107.91,5480.46,306.0,144.02,1.5,20.0,3.79,16.68,34384.67
20180222,2018-02-22,2018-02,2018,Feb,Thursday,0,279,274,4,268,274,37030.03,31154.98,5875.05,353.0,135.15,1.43,19.78,3.54,17.57,34312.61
20180223,2018-02-23,2018-02,2018,Feb,Friday,0,235,235,0,232,227,33072.96,28424.7,4648.26,260.0,140.74,0.0,18.53,3.75,19.03,34512.44
20180224,2018-02-24,2018-02,2018,Feb,Saturday,1,191,189,1,188,186,28229.0,24210.18,4018.82,208.0,149.36,0.52,25.0,3.7,21.24,34363.12
20180225,2018-02-25,2018-02,2018,Feb,Sunday,1,237,236,1,231,232,34765.19,29053.87,5711.32,268.0,147.31,0.42,22.94,3.53,18.86,35195.72
20180226,2018-02-26,2018-02,2018,Feb,Monday,0,299,293,3,290,291,49961.67,43632.16,6329.51,331.0,170.52,1.0,27.24,3.43,19.52,37568.74
20180227,2018-02-27,2018-02,2018,Feb,Tuesday,0,298,296,2,293,288,46941.18,40151.4,6789.78,364.0,158.59,0.67,24.91,3.43,18.95,38226.91
20180228,2018-02-28,2018-02,2018,Feb,Wednesday,0,313,311,1,303,308,52222.78,45480.58,6742.2,357.0,167.92,0.32,22.77,3.59,18.26,40317.54
20180301,2018-03-01,2018-03,2018,Mar,Thursday,0,277,272,4,268,273,45872.91,39381.63,6491.28,313.0,168.65,1.44,26.49,3.48,18.24,41580.81
20180302,2018-03-02,2018-03,2018,Mar,Friday,0,266,265,0,262,260,37373.53,31776.46,5597.07,303.0,141.03,0.0,30.15,3.45,19.98,42195.18
20180303,2018-03-03,2018-03,2018,Mar,Saturday,1,214,209,3,205,208,31028.7,26091.27,4937.43,227.0,148.46,1.4,26.83,3.6,19.39,42595.14
20180304,2018-03-04,2018-03,2018,Mar,Sunday,1,236,235,0,228,232,37350.99,32441.9,4909.09,250.0,158.94,0.0,26.75,3.55,19.02,42964.54
20180305,2018-03-05,2018-03,2018,Mar,Monday,0,264,259,4,252,259,45149.39,38116.07,7033.32,313.0,174.32,1.52,26.59,3.35,18.04,42277.07
20180306,2018-03-06,2018-03,2018,Mar,Tuesday,0,271,271,0,268,269,45971.25,39173.99,6797.26,305.0,169.64,0.0,27.61,3.51,18.03,42138.51
20180307,2018-03-07,2018-03,2018,Mar,Wednesday,0,259,258,0,254,256,42471.16,36137.89,6333.27,289.0,164.62,0.0,25.98,3.58,18.5,40745.42
20180308,2018-03-08,2018-03,2018,Mar,Thursday,0,234,233,1,227,230,33659.86,27994.39,5665.47,271.0,144.46,0.43,21.59,3.7,16.97,39000.7
20180309,2018-03-09,2018-03,2018,Mar,Friday,0,204,203,0,197,203,33716.51,28405.44,5311.07,229.0,166.09,0.0,21.32,3.56,18.65,38478.27
20180310,2018-03-10,2018-03,2018,Mar,Saturday,1,193,191,1,185,191,30547.79,25964.94,4582.85,213.0,159.94,0.52,23.24,3.49,19.07,38409.56
20180311,2018-03-11,2018-03,2018,Mar,Sunday,1,218,218,0,215,217,36618.35,31320.43,5297.92,239.0,167.97,0.0,25.58,3.61,17.38,38304.9
20180312,2018-03-12,2018-03,2018,Mar,Monday,0,232,232,0,228,230,35930.91,30644.66,5286.25,259.0,154.87,0.0,28.51,3.64,18.19,36987.98
20180313,2018-03-13,2018-03,2018,Mar,Tuesday,0,227,226,1,217,226,41858.27,35776.24,6082.03,268.0,185.21,0.44,21.2,3.64,16.71,36400.41
20180314,2018-03-14,2018-03,2018,Mar,Wednesday,0,199,198,0,195,198,28323.84,23528.79,4795.05,235.0,143.05,0.0,23.08,3.65,17.12,34379.36
20180315,2018-03-15,2018-03,2018,Mar,Thursday,0,290,286,3,272,289,51444.06,44311.46,7132.6,327.0,179.87,1.03,21.69,3.61,16.85,36919.96
20180316,2018-03-16,2018-03,2018,Mar,Friday,0,252,252,0,242,249,38760.01,32832.19,5927.82,290.0,153.81,0.0,19.01,3.52,16.35,37640.46
20180317,2018-03-17,2018-03,2018,Mar,Saturday,1,180,180,0,176,179,23996.86,20078.5,3918.36,191.0,133.32,0.0,19.89,3.85,17.27,36704.61
20180318,2018-03-18,2018-03,2018,Mar,Sunday,1,215,215,0,211,210,36076.38,31119.33,4957.05,232.0,167.8,0.0,13.74,4.03,14.59,36627.19
20180319,2018-03-19,2018-03,2018,Mar,Monday,0,303,301,1,293,300,52503.86,44580.19,7923.67,365.0,174.43,0.33,17.06,3.76,14.67,38994.75
20180320,2018-03-20,2018-03,2018,Mar,Tuesday,0,297,295,2,292,295,42536.7,35431.47,7105.23,346.0,144.19,0.67,13.7,3.97,13.9,39091.67
20180321,2018-03-21,2018-03,2018,Mar,Wednesday,0,286,284,1,277,283,46294.0,39589.43,6704.57,314.0,163.01,0.35,9.75,4.06,13.35,41658.84
20180322,2018-03-22,2018-03,2018,Mar,Thursday,0,254,254,0,249,252,36989.79,31119.41,5870.38,296.0,145.63,0.0,11.24,3.85,13.91,39593.94
20180323,2018-03-23,2018-03,2018,Mar,Friday,0,221,219,1,209,219,34638.16,29621.24,5016.92,256.0,158.17,0.45,6.22,4.02,13.12,39005.11
20180324,2018-03-24,2018-03,2018,Mar,Saturday,1,165,165,0,163,165,27711.42,23787.77,3923.65,189.0,167.95,0.0,9.82,4.02,13.94,39535.76
20180325,2018-03-25,2018-03,2018,Mar,Sunday,1,190,190,0,188,189,30192.79,25557.29,4635.5,226.0,158.91,0.0,12.77,3.94,13.97,38695.25
20180326,2018-03-26,2018-03,2018,Mar,Monday,0,272,270,1,266,271,41894.39,35725.11,6169.28,319.0,155.16,0.37,11.65,4.04,13.59,37179.61
20180327,2018-03-27,2018-03,2018,Mar,Tuesday,0,245,244,1,239,244,40615.28,34726.52,5888.76,288.0,166.46,0.41,10.46,4.1,13.51,36905.12
20180328,2018-03-28,2018-03,2018,Mar,Wednesday,0,220,218,1,210,220,34348.62,29683.44,4665.18,241.0,157.56,0.45,10.0,3.86,14.22,35198.64
20180329,2018-03-29,2018-03,2018,Mar,Thursday,0,194,193,1,188,194,33452.96,28841.74,4611.22,223.0,173.33,0.52,12.23,3.72,15.99,34693.37
20180330,2018-03-30,2018-03,2018,Mar,Friday,0,165,165,0,163,165,26275.08,22088.14,4186.94,185.0,159.24,0.0,11.66,3.93,14.89,33498.65
20180331,2018-03-31,2018-03,2018,Mar,Saturday,1,168,167,0,164,166,29053.17,25203.73,3849.44,193.0,173.97,0.0,14.63,3.88,13.54,33690.33
20180401,2018-04-01,2018-04,2018,Apr,Sunday,1,207,207,0,201,207,34189.0,29396.66,4792.34,232.0,165.16,0.0,7.96,3.93,11.46,34261.21
20180402,2018-04-02,2018-04,2018,Apr,Monday,0,282,280,1,274,282,47350.52,39722.1,7628.42,331.0,169.11,0.35,13.87,4.07,12.59,35040.66
20180403,2018-04-03,2018-04,2018,Apr,Tuesday,0,247,246,0,243,246,42070.51,36246.51,5824.0,279.0,171.02,0.0,9.05,4.15,12.43,35248.55
20180404,2018-04-04,2018-04,2018,Apr,Wednesday,0,257,257,0,252,255,43567.82,37982.73,5585.09,287.0,169.52,0.0,5.95,4.04,11.35,36565.58
20180405,2018-04-05,2018-04,2018,Apr,Thursday,0,266,266,0,261,264,42218.8,36058.79,6160.01,298.0,158.72,0.0,4.21,4.27,11.39,37817.84
20180406,2018-04-06,2018-04,2018,Apr,Friday,0,189,188,1,181,189,31957.95,27507.44,4450.51,212.0,169.99,0.53,2.76,3.96,11.67,38629.68
20180407,2018-04-07,2018-04,2018,Apr,Saturday,1,164,164,0,161,163,29014.87,25517.38,3497.49,184.0,176.92,0.0,4.35,4.07,12.31,38624.21
20180408,2018-04-08,2018-04,2018,Apr,Sunday,1,185,185,0,183,184,27877.68,23463.85,4413.83,207.0,150.69,0.0,5.46,4.11,11.12,37722.59
20180409,2018-04-09,2018-04,2018,Apr,Monday,0,253,253,0,250,251,55782.82,49308.73,6474.09,290.0,220.49,0.0,4.4,4.31,10.56,38927.21
20180410,2018-04-10,2018-04,2018,Apr,Tuesday,0,201,201,0,196,200,32535.26,27870.56,4664.7,231.0,161.87,0.0,4.59,4.03,11.41,37565.03
20180411,2018-04-11,2018-04,2018,Apr,Wednesday,0,274,274,0,262,273,47204.46,40782.96,6421.5,310.0,172.28,0.0,3.82,4.12,10.96,38084.55
20180412,2018-04-12,2018-04,2018,Apr,Thursday,0,255,255,0,253,254,39945.39,34117.58,5827.81,298.0,156.65,0.0,2.77,4.2,12.33,37759.78
20180413,2018-04-13,2018-04,2018,Apr,Friday,0,202,199,3,197,202,35097.58,29850.81,5246.77,237.0,176.37,1.49,2.03,4.13,12.31,38208.29
20180414,2018-04-14,2018-04,2018,Apr,Saturday,1,146,146,0,145,144,22397.87,18845.7,3552.17,172.0,153.41,0.0,4.14,3.99,12.94,37263.01
20180415,2018-04-15,2018-04,2018,Apr,Sunday,1,223,223,0,219,221,36558.19,30524.04,6034.15,264.0,163.94,0.0,3.2,4.1,10.68,38503.08
20180416,2018-04-16,2018-04,2018,Apr,Monday,0,280,279,1,276,279,47289.81,40357.06,6932.75,319.0,169.5,0.36,3.62,4.2,11.31,37289.79
20180417,2018-04-17,2018-04,2018,Apr,Tuesday,0,266,264,1,258,265,42575.01,36654.07,5920.94,310.0,161.27,0.38,4.26,4.19,11.56,38724.04
20180418,2018-04-18,2018-04,2018,Apr,Wednesday,0,280,280,0,271,279,46295.73,39472.71,6823.02,315.0,165.34,0.0,6.27,4.11,12.06,38594.23
20180419,2018-04-19,2018-04,2018,Apr,Thursday,0,293,290,2,287,291,49636.91,43080.23,6556.68,353.0,171.16,0.68,2.79,4.16,11.97,39978.73
20180420,2018-04-20,2018-04,2018,Apr,Friday,0,197,196,0,192,197,32666.48,28353.84,4312.64,229.0,166.67,0.0,1.56,4.17,11.55,39631.43
20180421,2018-04-21,2018-04,2018,Apr,Saturday,1,156,156,0,154,156,22465.89,18966.34,3499.55,169.0,144.01,0.0,3.9,4.22,10.69,39641.15
20180422,2018-04-22,2018-04,2018,Apr,Sunday,1,200,200,0,199,199,31991.81,27350.9,4640.91,233.0,159.96,0.0,2.51,4.18,9.89,38988.81
20180423,2018-04-23,2018-04,2018,Apr,Monday,0,285,285,0,283,284,44363.3,37674.27,6689.03,329.0,155.66,0.0,3.89,4.15,10.53,38570.73
20180424,2018-04-24,2018-04,2018,Apr,Tuesday,0,271,270,1,265,269,49860.67,43046.78,6813.89,310.0,184.67,0.37,1.89,4.14,10.87,39611.54
20180425,2018-04-25,2018-04,2018,Apr,Wednesday,0,284,283,1,279,283,47291.34,40945.12,6346.22,320.0,167.11,0.35,2.87,4.26,10.98,39753.77
20180426,2018-04-26,2018-04,2018,Apr,Thursday,0,254,253,1,250,254,36622.61,31409.56,5213.05,292.0,144.75,0.39,3.6,4.33,11.24,37894.59
20180427,2018-04-27,2018-04,2018,Apr,Friday,0,242,241,1,237,241,46642.76,40680.04,5962.72,284.0,193.54,0.41,4.64,4.2,11.95,39891.2
20180428,2018-04-28,2018-04,2018,Apr,Saturday,1,169,168,1,166,169,26801.96,23420.91,3381.05,190.0,159.54,0.59,5.42,4.01,11.7,40510.64
20180429,2018-04-29,2018-04,2018,Apr,Sunday,1,171,170,1,168,171,22939.28,19302.7,3636.58,187.0,134.94,0.58,5.95,4.06,11.1,39217.42
20180430,2018-04-30,2018-04,2018,Apr,Monday,0,240,240,0,235,240,41036.61,35682.61,5354.0,285.0,170.99,0.0,2.13,4.29,10.11,38742.18
20180501,2018-05-01,2018-05,2018,May,Tuesday,0,256,254,1,252,256,38222.3,32963.9,5258.4,276.0,150.48,0.39,3.57,4.15,10.08,37079.55
20180502,2018-05-02,2018-05,2018,May,Wednesday,0,296,295,0,287,295,44764.32,38557.72,6206.6,339.0,151.74,0.0,5.57,4.27,10.8,36718.55
20180503,2018-05-03,2018-05,2018,May,Thursday,0,305,304,0,300,302,49575.72,42497.77,7077.95,357.0,163.08,0.0,3.33,4.3,10.72,38568.99
20180504,2018-05-04,2018-05,2018,May,Friday,0,265,265,0,262,265,45494.1,39730.93,5763.17,309.0,171.68,0.0,2.67,4.27,11.23,38404.9
20180505,2018-05-05,2018-05,2018,May,Saturday,1,197,195,2,192,197,32524.54,28239.05,4285.49,219.0,166.79,1.02,5.21,4.05,10.76,39222.41
20180506,2018-05-06,2018-05,2018,May,Sunday,1,211,209,1,206,210,32703.94,28288.25,4415.69,239.0,156.48,0.47,3.88,4.1,10.22,40617.36
20180507,2018-05-07,2018-05,2018,May,Monday,0,372,369,2,363,370,61418.73,53211.98,8206.75,416.0,166.45,0.54,5.79,4.23,10.06,43529.09
20180508,2018-05-08,2018-05,2018,May,Tuesday,0,331,327,3,323,331,54720.09,47800.69,6919.4,378.0,167.34,0.91,4.95,4.23,9.62,45885.92
20180509,2018-05-09,2018-05,2018,May,Wednesday,0,344,341,1,335,342,50931.48,43561.22,7370.26,391.0,149.36,0.29,7.16,4.16,10.74,46766.94
20180510,2018-05-10,2018-05,2018,May,Thursday,0,279,278,1,273,277,57719.27,50380.67,7338.6,333.0,207.62,0.36,6.59,4.18,11.02,47930.31
20180511,2018-05-11,2018-05,2018,May,Friday,0,247,246,0,244,247,43250.01,37859.19,5390.82,284.0,175.81,0.0,9.43,4.13,11.61,47609.72
20180512,2018-05-12,2018-05,2018,May,Saturday,1,207,204,1,200,207,34712.37,29604.14,5108.23,239.0,170.16,0.48,6.5,4.06,11.23,47922.27
20180513,2018-05-13,2018-05,2018,May,Sunday,1,207,206,0,205,206,36202.29,31313.52,4888.77,246.0,175.74,0.0,4.88,4.15,9.92,48422.03
20180514,2018-05-14,2018-05,2018,May,Monday,0,364,363,1,355,364,62053.89,53702.39,8351.5,412.0,170.95,0.27,11.27,4.17,10.06,48512.77
20180515,2018-05-15,2018-05,2018,May,Tuesday,0,352,351,1,348,351,49428.14,41054.86,8373.28,422.0,140.82,0.28,10.92,4.2,10.59,47756.78
20180516,2018-05-16,2018-05,2018,May,Wednesday,0,357,356,1,351,356,64685.9,56238.83,8447.07,405.0,181.7,0.28,12.25,4.12,12.2,49721.7
20180517,2018-05-17,2018-05,2018,May,Thursday,0,228,226,1,224,227,35920.01,31450.63,4469.38,255.0,158.94,0.44,16.07,4.05,13.85,46607.52
20180518,2018-05-18,2018-05,2018,May,Friday,0,236,236,0,232,234,36429.78,31621.52,4808.26,277.0,154.36,0.0,11.21,4.07,13.59,45633.2
20180519,2018-05-19,2018-05,2018,May,Saturday,1,139,138,1,137,137,28191.23,25081.39,3109.84,168.0,204.28,0.72,10.22,4.09,13.77,44701.61
20180520,2018-05-20,2018-05,2018,May,Sunday,1,161,160,1,158,161,23016.98,19528.55,3488.43,191.0,143.86,0.62,13.92,3.95,13.77,42817.99
20180521,2018-05-21,2018-05,2018,May,Monday,0,206,201,3,199,206,29446.71,25230.09,4216.62,236.0,146.5,1.46,10.05,4.08,13.36,38159.82
20180522,2018-05-22,2018-05,2018,May,Tuesday,0,199,197,2,195,199,31761.34,27568.98,4192.36,228.0,161.23,1.01,6.15,4.12,11.86,35635.99
20180523,2018-05-23,2018-05,2018,May,Wednesday,0,132,132,0,132,132,20262.29,17501.05,2761.24,150.0,153.5,0.0,2.27,4.34,11.55,29289.76
20180524,2018-05-24,2018-05,2018,May,Thursday,0,114,114,0,113,114,22274.67,20073.26,2201.41,130.0,195.39,0.0,0.88,4.39,10.81,27340.43
20180525,2018-05-25,2018-05,2018,May,Friday,0,104,103,0,103,104,18137.37,15888.92,2248.45,128.0,176.09,0.0,0.97,4.41,12.35,24727.23
20180526,2018-05-26,2018-05,2018,May,Saturday,1,99,99,0,99,99,16914.09,14799.17,2114.92,116.0,170.85,0.0,1.01,4.36,12.94,23116.21
20180527,2018-05-27,2018-05,2018,May,Sunday,1,100,100,0,100,98,14693.68,12523.25,2170.43,112.0,146.94,0.0,0.0,4.17,13.49,21927.16
20180528,2018-05-28,2018-05,2018,May,Monday,0,143,142,1,142,143,30114.99,26702.47,3412.52,168.0,212.08,0.7,0.0,4.36,11.25,22022.63
20180529,2018-05-29,2018-05,2018,May,Tuesday,0,149,149,0,149,149,29430.63,25572.08,3858.55,173.0,197.52,0.0,0.0,4.32,11.26,21689.67
20180530,2018-05-30,2018-05,2018,May,Wednesday,0,140,140,0,138,140,22529.08,19214.0,3315.08,155.0,160.92,0.0,0.0,4.31,12.99,22013.5
20180531,2018-05-31,2018-05,2018,May,Thursday,0,133,133,0,132,132,28156.52,25111.28,3045.24,146.0,211.7,0.0,0.76,4.26,11.51,22853.77
20180601,2018-06-01,2018-06,2018,Jun,Friday,0,184,184,0,184,182,37282.67,32298.92,4983.75,211.0,202.62,0.0,1.09,4.14,12.11,25588.81
20180602,2018-06-02,2018-06,2018,Jun,Saturday,1,142,142,0,141,142,28939.99,25266.62,3673.37,158.0,203.8,0.0,0.71,4.2,12.3,27306.79
20180603,2018-06-03,2018-06,2018,Jun,Sunday,1,192,191,0,189,191,32869.9,28461.66,4408.24,217.0,172.09,0.0,0.0,4.23,9.25,29903.4
20180604,2018-06-04,2018-06,2018,Jun,Monday,0,225,225,0,222,222,34326.4,28622.4,5704.0,258.0,152.56,0.0,0.0,4.38,9.26,30505.03
20180605,2018-06-05,2018-06,2018,Jun,Tuesday,0,200,197,3,196,198,36101.72,30709.36,5392.36,240.0,183.26,1.5,1.02,4.25,9.91,31458.04
20180606,2018-06-06,2018-06,2018,Jun,Wednesday,0,227,227,0,227,226,32176.98,26134.4,6042.58,277.0,141.75,0.0,1.32,4.07,10.68,32836.31
20180607,2018-06-07,2018-06,2018,Jun,Thursday,0,223,223,0,223,223,42676.38,37020.4,5655.98,251.0,191.37,0.0,0.45,4.04,9.93,34910.58
20180608,2018-06-08,2018-06,2018,Jun,Friday,0,198,198,0,195,198,31797.2,26870.41,4926.79,234.0,160.59,0.0,3.08,4.13,11.16,34126.94
20180609,2018-06-09,2018-06,2018,Jun,Saturday,1,172,172,0,169,172,34033.77,29325.08,4708.69,192.0,197.87,0.0,1.18,4.32,10.47,34854.62
20180610,2018-06-10,2018-06,2018,Jun,Sunday,1,193,191,2,190,193,30133.59,25369.24,4764.35,222.0,157.77,1.04,2.11,4.12,9.21,34463.72
20180611,2018-06-11,2018-06,2018,Jun,Monday,0,294,294,0,294,294,57313.28,49669.7,7643.58,338.0,194.94,0.0,3.06,4.3,9.18,37747.56
20180612,2018-06-12,2018-06,2018,Jun,Tuesday,0,246,246,0,244,246,46762.43,40369.0,6393.43,288.0,190.09,0.0,3.28,4.24,8.79,39270.52
20180613,2018-06-13,2018-06,2018,Jun,Wednesday,0,259,258,1,253,259,41092.36,34228.8,6863.56,304.0,159.27,0.39,1.19,4.2,8.7,40544.14
20180614,2018-06-14,2018-06,2018,Jun,Thursday,0,212,212,0,211,212,32707.21,27504.6,5202.61,237.0,154.28,0.0,0.47,4.47,9.13,39119.98
20180615,2018-06-15,2018-06,2018,Jun,Friday,0,186,185,1,182,185,31285.71,26418.56,4867.15,208.0,169.11,0.54,1.1,4.24,9.97,39046.91
20180616,2018-06-16,2018-06,2018,Jun,Saturday,1,165,165,0,162,164,29000.08,24616.05,4384.03,177.0,175.76,0.0,0.62,4.32,9.41,38327.81
20180617,2018-06-17,2018-06,2018,Jun,Sunday,1,152,152,0,151,152,20751.52,17316.33,3435.19,175.0,136.52,0.0,1.32,4.43,7.82,36987.51
20180618,2018-06-18,2018-06,2018,Jun,Monday,0,246,245,1,243,245,40733.81,34488.4,6245.41,278.0,166.26,0.41,0.82,4.5,7.45,34619.02
20180619,2018-06-19,2018-06,2018,Jun,Tuesday,0,231,229,2,228,231,39826.33,34467.02,5359.31,259.0,173.91,0.87,1.32,4.4,8.44,33628.15
20180620,2018-06-20,2018-06,2018,Jun,Wednesday,0,217,216,1,216,217,34251.51,28722.99,5528.52,250.0,158.57,0.46,0.0,4.3,8.38,32650.88
20180621,2018-06-21,2018-06,2018,Jun,Thursday,0,234,234,0,232,233,33301.99,27703.58,5598.41,264.0,142.32,0.0,1.72,4.21,9.25,32735.85
20180622,2018-06-22,2018-06,2018,Jun,Friday,0,179,179,0,177,179,28753.16,24807.27,3945.89,206.0,160.63,0.0,0.56,4.27,9.25,32374.06
20180623,2018-06-23,2018-06,2018,Jun,Saturday,1,151,150,1,149,150,21101.59,17432.02,3669.57,171.0,140.68,0.66,0.67,4.23,8.99,31245.7
20180624,2018-06-24,2018-06,2018,Jun,Sunday,1,199,198,1,198,199,29291.6,24303.6,4988.0,217.0,147.94,0.5,1.52,4.39,7.52,32465.71
20180625,2018-06-25,2018-06,2018,Jun,Monday,0,241,239,1,238,241,41743.3,36045.52,5697.78,279.0,174.66,0.41,1.26,4.35,7.22,32609.93
20180626,2018-06-26,2018-06,2018,Jun,Tuesday,0,243,240,2,238,243,37244.88,30633.79,6611.09,288.0,155.19,0.82,0.0,4.23,8.1,32241.15
20180627,2018-06-27,2018-06,2018,Jun,Wednesday,0,215,214,0,214,215,32505.93,26496.48,6009.45,243.0,151.9,0.0,0.93,4.37,8.75,31991.78
20180628,2018-06-28,2018-06,2018,Jun,Thursday,0,243,242,1,239,242,38706.25,32151.97,6554.28,283.0,159.94,0.41,1.26,4.25,8.52,32763.82
20180629,2018-06-29,2018-06,2018,Jun,Friday,0,174,173,1,171,173,25048.66,20431.48,4617.18,196.0,144.79,0.57,1.17,4.21,9.12,32234.6
20180630,2018-06-30,2018-06,2018,Jun,Saturday,1,124,124,0,123,123,18621.7,15379.88,3241.82,139.0,150.18,0.0,0.0,4.27,8.82,31880.33
20180701,2018-07-01,2018-07,2018,Jul,Sunday,1,161,161,0,159,161,29060.7,24369.47,4691.23,186.0,180.5,0.0,0.0,4.3,7.59,31847.35
20180702,2018-07-02,2018-07,2018,Jul,Monday,0,195,193,2,193,195,29113.41,22872.2,6241.21,215.0,150.85,1.03,0.52,4.47,7.4,30043.08
20180703,2018-07-03,2018-07,2018,Jul,Tuesday,0,216,215,1,214,216,31361.38,26222.42,5138.96,238.0,145.87,0.46,2.34,4.45,8.07,29202.58
20180704,2018-07-04,2018-07,2018,Jul,Wednesday,0,256,254,2,251,255,41318.53,35412.65,5905.88,288.0,162.67,0.78,1.2,4.29,7.51,30461.52
20180705,2018-07-05,2018-07,2018,Jul,Thursday,0,195,194,1,193,194,33715.61,28590.33,5125.28,220.0,173.79,0.51,1.55,4.08,9.1,29748.57
20180706,2018-07-06,2018-07,2018,Jul,Friday,0,121,121,0,120,121,22108.67,19005.54,3103.13,130.0,182.72,0.0,1.67,4.39,9.64,29328.57
20180707,2018-07-07,2018-07,2018,Jul,Saturday,1,91,91,0,89,91,11277.24,9076.56,2200.68,101.0,123.93,0.0,0.0,4.47,9.09,28279.36
20180708,2018-07-08,2018-07,2018,Jul,Sunday,1,122,120,2,118,121,17294.28,14207.98,3086.3,143.0,144.12,1.64,2.54,4.11,10.22,26598.45
20180709,2018-07-09,2018-07,2018,Jul,Monday,0,148,148,0,146,148,23122.17,19564.85,3557.32,158.0,156.23,0.0,5.48,4.24,9.55,25742.55
20180710,2018-07-10,2018-07,2018,Jul,Tuesday,0,134,132,0,129,134,22246.77,18724.57,3522.2,151.0,168.54,0.0,5.43,4.1,9.4,24440.47
20180711,2018-07-11,2018-07,2018,Jul,Wednesday,0,127,126,1,123,127,22028.64,18422.98,3605.66,144.0,174.83,0.79,8.13,3.99,11.93,21684.77
20180712,2018-07-12,2018-07,2018,Jul,Thursday,0,124,118,3,117,123,22950.83,19691.97,3258.86,124.0,194.5,2.42,7.69,3.95,12.46,20146.94
20180713,2018-07-13,2018-07,2018,Jul,Friday,0,168,167,0,167,168,32529.4,27644.23,4885.17,190.0,194.79,0.0,1.8,4.1,12.08,21635.62
20180714,2018-07-14,2018-07,2018,Jul,Saturday,1,148,146,2,142,147,26194.27,22044.71,4149.56,158.0,179.41,1.35,4.93,4.24,11.72,23766.62
20180715,2018-07-15,2018-07,2018,Jul,Sunday,1,152,151,1,148,152,34432.93,29997.49,4435.44,166.0,228.03,0.66,5.41,4.07,11.24,26215.0
20180716,2018-07-16,2018-07,2018,Jul,Monday,0,245,243,2,238,242,37471.59,31042.79,6428.8,262.0,154.2,0.82,4.2,4.21,9.43,28264.92
20180717,2018-07-17,2018-07,2018,Jul,Tuesday,0,221,219,2,216,216,35030.37,29733.48,5296.89,242.0,159.96,0.9,5.56,4.18,9.56,30091.15
20180718,2018-07-18,2018-07,2018,Jul,Wednesday,0,307,305,1,302,298,48984.15,41193.49,7790.66,340.0,160.6,0.33,1.99,4.47,8.65,33941.93
20180719,2018-07-19,2018-07,2018,Jul,Thursday,0,253,253,0,249,249,44911.24,38705.58,6205.66,287.0,177.51,0.0,2.01,4.11,8.98,37079.14
20180720,2018-07-20,2018-07,2018,Jul,Friday,0,250,247,2,247,249,37905.62,31898.19,6007.43,285.0,153.46,0.8,3.24,4.14,9.25,37847.17
20180721,2018-07-21,2018-07,2018,Jul,Saturday,1,187,185,2,184,184,25187.34,20901.68,4285.66,206.0,136.15,1.07,2.17,4.43,8.95,37703.32
20180722,2018-07-22,2018-07,2018,Jul,Sunday,1,215,214,1,213,213,31012.06,25958.42,5053.64,238.0,144.92,0.47,1.88,4.37,7.85,37214.62
20180723,2018-07-23,2018-07,2018,Jul,Monday,0,307,304,1,298,307,47890.82,39841.42,8049.4,345.0,157.54,0.33,4.36,4.26,8.07,38703.09
20180724,2018-07-24,2018-07,2018,Jul,Tuesday,0,271,270,0,264,269,48083.44,41525.76,6557.68,303.0,178.09,0.0,2.27,4.28,7.87,40567.81
20180725,2018-07-25,2018-07,2018,Jul,Wednesday,0,268,267,1,264,267,47825.69,40367.55,7458.14,322.0,179.12,0.37,3.03,4.33,8.45,40402.32
20180726,2018-07-26,2018-07,2018,Jul,Thursday,0,247,245,2,244,246,41323.09,34864.02,6459.07,284.0,168.67,0.81,2.05,4.33,8.12,39889.72
20180727,2018-07-27,2018-07,2018,Jul,Friday,0,189,189,0,186,188,33331.13,28371.75,4959.38,216.0,176.36,0.0,2.15,4.21,9.13,39236.22
20180728,2018-07-28,2018-07,2018,Jul,Saturday,1,176,175,0,172,175,30065.12,25210.12,4855.0,210.0,171.8,0.0,0.58,4.23,8.71,39933.05
20180729,2018-07-29,2018-07,2018,Jul,Sunday,1,188,184,4,182,187,34476.11,29652.51,4823.6,207.0,187.37,2.13,3.85,4.3,7.54,40427.91
20180730,2018-07-30,2018-07,2018,Jul,Monday,0,288,280,4,278,288,44460.73,37866.76,6593.97,308.0,158.79,1.39,9.35,4.13,7.97,39937.9
20180731,2018-07-31,2018-07,2018,Jul,Tuesday,0,322,316,4,313,322,53070.25,45062.8,8007.45,372.0,167.94,1.24,6.39,4.19,7.81,40650.3
20180801,2018-08-01,2018-08,2018,Aug,Wednesday,0,311,308,2,306,310,48282.26,40424.0,7858.26,345.0,156.76,0.64,9.48,4.14,8.91,40715.53
20180802,2018-08-02,2018-08,2018,Aug,Thursday,0,302,298,2,292,302,45590.57,38434.62,7155.95,335.0,152.99,0.66,11.64,4.05,9.15,41325.17
20180803,2018-08-03,2018-08,2018,Aug,Friday,0,314,312,2,308,314,49209.12,41802.19,7406.93,345.0,157.72,0.64,9.42,4.06,9.5,43593.45
20180804,2018-08-04,2018-08,2018,Aug,Saturday,1,245,242,3,236,245,41063.27,35374.06,5689.21,271.0,169.68,1.22,8.05,4.17,8.96,45164.62
20180805,2018-08-05,2018-08,2018,Aug,Sunday,1,276,274,2,269,275,42079.35,35425.35,6654.0,310.0,153.57,0.72,10.04,4.23,7.94,46250.79
20180806,2018-08-06,2018-08,2018,Aug,Monday,0,372,368,4,363,372,63129.89,53811.14,9318.75,426.0,171.55,1.08,13.22,4.17,8.44,48917.82
20180807,2018-08-07,2018-08,2018,Aug,Tuesday,0,370,361,9,353,369,57320.34,48298.68,9021.66,425.0,158.78,2.43,14.45,4.03,8.26,49524.97
20180808,2018-08-08,2018-08,2018,Aug,Wednesday,0,316,314,2,310,314,50828.01,42831.07,7996.94,359.0,161.87,0.63,6.77,4.2,8.17,49888.65
20180809,2018-08-09,2018-08,2018,Aug,Thursday,0,289,283,6,280,289,46734.86,40040.28,6694.58,322.0,165.14,2.08,6.79,4.28,8.45,50052.12
20180810,2018-08-10,2018-08,2018,Aug,Friday,0,256,252,3,249,255,39454.44,33305.73,6148.71,267.0,156.57,1.17,6.02,4.13,9.32,48658.59
20180811,2018-08-11,2018-08,2018,Aug,Saturday,1,188,186,0,185,188,30565.73,25960.93,4604.8,216.0,164.33,0.0,2.7,4.24,8.55,47158.95
20180812,2018-08-12,2018-08,2018,Aug,Sunday,1,197,197,0,191,197,36739.75,31524.21,5215.54,227.0,186.5,0.0,3.14,4.27,7.75,46396.15
20180813,2018-08-13,2018-08,2018,Aug,Monday,0,292,287,5,284,291,45811.29,38561.21,7250.08,320.0,159.62,1.71,3.52,4.36,7.48,43922.06
20180814,2018-08-14,2018-08,2018,Aug,Tuesday,0,316,312,4,311,314,51280.42,44030.95,7249.47,339.0,164.36,1.27,7.07,4.2,7.75,43059.21
20180815,2018-08-15,2018-08,2018,Aug,Wednesday,0,288,283,5,282,288,52134.87,45405.14,6729.73,315.0,184.22,1.74,4.96,4.27,7.65,43245.91
20180816,2018-08-16,2018-08,2018,Aug,Thursday,0,320,316,4,316,319,41691.66,35166.77,6524.89,351.0,131.94,1.25,3.16,4.36,7.66,42525.45
20180817,2018-08-17,2018-08,2018,Aug,Friday,0,257,254,3,249,255,37583.91,31683.18,5900.73,288.0,147.97,1.17,2.01,4.38,7.81,42258.23
20180818,2018-08-18,2018-08,2018,Aug,Saturday,1,198,196,2,193,198,28698.1,24340.95,4357.15,206.0,146.42,1.01,1.55,4.32,7.49,41991.43
20180819,2018-08-19,2018-08,2018,Aug,Sunday,1,204,204,0,204,203,29966.5,25487.39,4479.11,226.0,146.89,0.0,1.47,4.45,6.8,41023.82
20180820,2018-08-20,2018-08,2018,Aug,Monday,0,256,252,4,251,256,39851.87,34479.5,5372.37,283.0,158.14,1.56,3.59,4.46,5.87,40172.48
20180821,2018-08-21,2018-08,2018,Aug,Tuesday,0,243,239,3,238,243,30830.69,26323.06,4507.63,258.0,129.0,1.23,3.78,4.41,5.56,37251.09
20180822,2018-08-22,2018-08,2018,Aug,Wednesday,0,187,186,1,185,186,24262.61,20297.13,3965.48,216.0,130.44,0.53,1.08,4.41,5.72,33269.33
20180823,2018-08-23,2018-08,2018,Aug,Thursday,0,144,142,2,142,144,19540.56,17030.87,2509.69,161.0,137.61,1.39,0.7,4.41,5.5,30104.89
20180824,2018-08-24,2018-08,2018,Aug,Friday,0,99,97,2,96,99,11256.99,9585.71,1671.28,116.0,116.05,2.02,2.08,4.19,5.17,26343.9
20180825,2018-08-25,2018-08,2018,Aug,Saturday,1,69,69,0,69,69,11737.76,10599.41,1138.35,75.0,170.11,0.0,0.0,4.45,4.22,23921.0
20180826,2018-08-26,2018-08,2018,Aug,Sunday,1,73,73,0,73,73,9333.16,8070.71,1262.45,82.0,127.85,0.0,0.0,4.45,3.32,20973.38
20180827,2018-08-27,2018-08,2018,Aug,Monday,0,67,66,1,66,67,6111.61,5345.91,765.7,71.0,92.6,1.49,0.0,4.4,2.47,16153.34
20180828,2018-08-28,2018-08,2018,Aug,Tuesday,0,44,39,5,39,44,4121.22,3673.91,447.31,45.0,105.67,11.36,0.0,4.09,1.82,12337.7
20180829,2018-08-29,2018-08,2018,Aug,Wednesday,0,14,11,3,11,14,1762.7,1546.04,216.66,16.0,160.25,21.43,0.0,3.93,1.0,9123.43
20180830,2018-08-30,2018-08,2018,Aug,Thursday,0,4,0,4,0,4,0.0,0.0,0.0,0.0,,100.0,,2.75,,6331.92
20180831,2018-08-31,2018-08,2018,Aug,Friday,0,1,0,1,0,1,0.0,0.0,0.0,0.0,,100.0,,5.0,,4723.78
20180901,2018-09-01,2018-09,2018,Sep,Saturday,1,0,0,0,0,0,0.0,0.0,0.0,0.0,,,,,,3046.96
20180902,2018-09-02,2018-09,2018,Sep,Sunday,1,0,0,0,0,0,0.0,0.0,0.0,0.0,,,,,,1713.65
20180903,2018-09-03,2018-09,2018,Sep,Monday,0,4,1,3,0,4,166.46,145.0,21.46,1.0,166.46,75.0,,1.5,,864.34
20180904,2018-09-04,2018-09,2018,Sep,Tuesday,0,0,0,0,0,0,0.0,0.0,0.0,0.0,,,,,,275.59
20180905,2018-09-05,2018-09,2018,Sep,Wednesday,0,0,0,0,0,0,0.0,0.0,0.0,0.0,,,,,,23.78
20180906,2018-09-06,2018-09,2018,Sep,Thursday,0,3,0,3,0,3,0.0,0.0,0.0,0.0,,100.0,,3.33,,23.78
20180907,2018-09-07,2018-09,2018,Sep,Friday,0,0,0,0,0,0,0.0,0.0,0.0,0.0,,,,,,23.78
20180908,2018-09-08,2018-09,2018,Sep,Saturday,1,0,0,0,0,0,0.0,0.0,0.0,0.0,,,,,,23.78
20180909,2018-09-09,2018-09,2018,Sep,Sunday,1,0,0,0,0,0,0.0,0.0,0.0,0.0,,,,,,23.78
20180910,2018-09-10,2018-09,2018,Sep,Monday,0,1,0,1,0,1,0.0,0.0,0.0,0.0,,100.0,,1.0,,0.0
20180911,2018-09-11,2018-09,2018,Sep,Tuesday,0,1,0,1,0,1,0.0,0.0,0.0,0.0,,100.0,,1.0,,0.0
20180912,2018-09-12,2018-09,2018,Sep,Wednesday,0,1,0,1,0,1,0.0,0.0,0.0,0.0,,100.0,,2.0,,0.0
20180913,2018-09-13,2018-09,2018,Sep,Thursday,0,1,0,1,0,1,0.0,0.0,0.0,0.0,,100.0,,1.0,,0.0
20180914,2018-09-14,2018-09,2018,Sep,Friday,0,0,0,0,0,0,0.0,0.0,0.0,0.0,,,,,,0.0
20180915,2018-09-15,2018-09,2018,Sep,Saturday,1,0,0,0,0,0,0.0,0.0,0.0,0.0,,,,,,0.0
20180916,2018-09-16,2018-09,2018,Sep,Sunday,1,0,0,0,0,0,0.0,0.0,0.0,0.0,,,,,,0.0
20180917,2018-09-17,2018-09,2018,Sep,Monday,0,1,0,1,0,1,0.0,0.0,0.0,0.0,,100.0,,2.0,,0.0
20180918,2018-09-18,2018-09,2018,Sep,Tuesday,0,0,0,0,0,0,0.0,0.0,0.0,0.0,,,,,,0.0
20180919,2018-09-19,2018-09,2018,Sep,Wednesday,0,0,0,0,0,0,0.0,0.0,0.0,0.0,,,,,,0.0
20180920,2018-09-20,2018-09,2018,Sep,Thursday,0,1,0,1,0,1,0.0,0.0,0.0,0.0,,100.0,,2.0,,0.0
20180921,2018-09-21,2018-09,2018,Sep,Friday,0,0,0,0,0,0,0.0,0.0,0.0,0.0,,,,,,0.0
20180922,2018-09-22,2018-09,2018,Sep,Saturday,1,0,0,0,0,0,0.0,0.0,0.0,0.0,,,,,,0.0
20180923,2018-09-23,2018-09,2018,Sep,Sunday,1,0,0,0,0,0,0.0,0.0,0.0,0.0,,,,,,0.0
20180924,2018-09-24,2018-09,2018,Sep,Monday,0,0,0,0,0,0,0.0,0.0,0.0,0.0,,,,,,0.0
20180925,2018-09-25,2018-09,2018,Sep,Tuesday,0,1,0,1,0,1,0.0,0.0,0.0,0.0,,100.0,,1.0,,0.0
20180926,2018-09-26,2018-09,2018,Sep,Wednesday,0,1,0,1,0,1,0.0,0.0,0.0,0.0,,100.0,,1.0,,0.0
20180927,2018-09-27,2018-09,2018,Sep,Thursday,0,0,0,0,0,0,0.0,0.0,0.0,0.0,,,,,,0.0
20180928,2018-09-28,2018-09,2018,Sep,Friday,0,0,0,0,0,0,0.0,0.0,0.0,0.0,,,,,,0.0
20180929,2018-09-29,2018-09,2018,Sep,Saturday,1,1,0,1,0,1,0.0,0.0,0.0,0.0,,100.0,,1.0,,0.0
20180930,2018-09-30,2018-09,2018,Sep,Sunday,1,0,0,0,0,0,0.0,0.0,0.0,0.0,,,,,,0.0
20181001,2018-10-01,2018-10,2018,Oct,Monday,0,1,0,1,0,1,0.0,0.0,0.0,0.0,,100.0,,2.0,,0.0
20181002,2018-10-02,2018-10,2018,Oct,Tuesday,0,0,0,0,0,0,0.0,0.0,0.0,0.0,,,,,,0.0
20181003,2018-10-03,2018-10,2018,Oct,Wednesday,0,1,0,1,0,1,0.0,0.0,0.0,0.0,,100.0,,1.0,,0.0
20181004,2018-10-04,2018-10,2018,Oct,Thursday,0,0,0,0,0,0,0.0,0.0,0.0,0.0,,,,,,0.0
20181005,2018-10-05,2018-10,2018,Oct,Friday,0,0,0,0,0,0,0.0,0.0,0.0,0.0,,,,,,0.0
20181006,2018-10-06,2018-10,2018,Oct,Saturday,1,0,0,0,0,0,0.0,0.0,0.0,0.0,,,,,,0.0
20181007,2018-10-07,2018-10,2018,Oct,Sunday,1,0,0,0,0,0,0.0,0.0,0.0,0.0,,,,,,0.0
20181008,2018-10-08,2018-10,2018,Oct,Monday,0,0,0,0,0,0,0.0,0.0,0.0,0.0,,,,,,0.0
20181009,2018-10-09,2018-10,2018,Oct,Tuesday,0,0,0,0,0,0,0.0,0.0,0.0,0.0,,,,,,0.0
20181010,2018-10-10,2018-10,2018,Oct,Wednesday,0,0,0,0,0,0,0.0,0.0,0.0,0.0,,,,,,0.0
20181011,2018-10-11,2018-10,2018,Oct,Thursday,0,0,0,0,0,0,0.0,0.0,0.0,0.0,,,,,,0.0
20181012,2018-10-12,2018-10,2018,Oct,Friday,0,0,0,0,0,0,0.0,0.0,0.0,0.0,,,,,,0.0
20181013,2018-10-13,2018-10,2018,Oct,Saturday,1,0,0,0,0,0,0.0,0.0,0.0,0.0,,,,,,0.0
20181014,2018-10-14,2018-10,2018,Oct,Sunday,1,0,0,0,0,0,0.0,0.0,0.0,0.0,,,,,,0.0
20181015,2018-10-15,2018-10,2018,Oct,Monday,0,0,0,0,0,0,0.0,0.0,0.0,0.0,,,,,,0.0
20181016,2018-10-16,2018-10,2018,Oct,Tuesday,0,1,0,1,0,1,0.0,0.0,0.0,0.0,,100.0,,5.0,,0.0
20181017,2018-10-17,2018-10,2018,Oct,Wednesday,0,1,0,1,0,1,0.0,0.0,0.0,0.0,,100.0,,1.0,,0.0
