month_start_date,year_month,region,delivery_speed_bucket,bucket_order,orders,revenue,avg_review_score,detractor_orders,promoter_orders,detractor_rate_pct,avg_days_to_deliver,avg_days_vs_estimate,late_delivery_rate_pct
2016-09-01,2016-09,North,not delivered,99,1,136.23,1.0,1,0,100.0,,,
2016-09-01,2016-09,South,not delivered,99,1,75.06,1.0,1,0,100.0,,,
2016-09-01,2016-09,Southeast,30+ days,5,1,143.46,1.0,1,0,100.0,55.0,36.0,100.0
2016-09-01,2016-09,Southeast,not delivered,99,1,0.0,1.0,1,0,100.0,,,
2016-10-01,2016-10,Central-West,4-7 days,2,3,606.01,3.67,1,2,33.33,7.0,-53.33,0.0
2016-10-01,2016-10,Central-West,8-14 days,3,5,587.87,3.8,1,3,20.0,9.6,-49.8,0.0
2016-10-01,2016-10,Central-West,15-30 days,4,3,798.07,5.0,0,3,0.0,19.67,-42.0,0.0
2016-10-01,2016-10,Central-West,30+ days,5,3,365.72,4.0,0,2,0.0,39.0,-19.33,0.0
2016-10-01,2016-10,Central-West,not delivered,99,4,499.74,1.5,3,0,75.0,,,
2016-10-01,2016-10,North,8-14 days,3,2,732.95,4.0,0,2,0.0,9.0,-57.0,0.0
2016-10-01,2016-10,North,30+ days,5,3,619.16,4.33,0,2,0.0,33.67,-33.33,0.0
2016-10-01,2016-10,Northeast,4-7 days,2,3,344.76,5.0,0,3,0.0,7.0,-58.0,0.0
2016-10-01,2016-10,Northeast,8-14 days,3,3,313.65,3.67,1,2,33.33,11.0,-52.67,0.0
2016-10-01,2016-10,Northeast,15-30 days,4,15,3904.45,4.73,0,15,0.0,22.0,-44.27,0.0
2016-10-01,2016-10,Northeast,30+ days,5,8,1811.02,4.13,1,7,12.5,45.13,-23.63,0.0
2016-10-01,2016-10,Northeast,not delivered,99,5,936.57,1.8,4,1,80.0,,,
2016-10-01,2016-10,South,4-7 days,2,5,1273.22,4.2,1,4,20.0,6.8,-47.6,0.0
2016-10-01,2016-10,South,8-14 days,3,14,2491.68,4.29,1,13,7.14,10.14,-44.5,0.0
2016-10-01,2016-10,South,15-30 days,4,20,2089.67,3.9,3,15,15.0,21.1,-34.75,0.0
2016-10-01,2016-10,South,30+ days,5,7,2172.87,2.86,3,3,42.86,35.57,-21.29,0.0
2016-10-01,2016-10,South,not delivered,99,8,1739.8,2.0,6,2,75.0,,,
2016-10-01,2016-10,Southeast,4-7 days,2,24,4332.84,4.46,2,21,8.33,6.83,-46.5,0.0
2016-10-01,2016-10,Southeast,8-14 days,3,57,9772.04,4.26,6,46,10.53,10.56,-43.84,0.0
2016-10-01,2016-10,Southeast,15-30 days,4,68,9340.76,3.62,17,42,25.0,21.78,-32.74,0.0
2016-10-01,2016-10,Southeast,30+ days,5,27,5638.41,2.93,13,13,48.15,40.44,-13.33,7.41
2016-10-01,2016-10,Southeast,not delivered,99,37,6437.58,1.27,35,2,94.59,,,
2016-12-01,2016-12,South,4-7 days,2,1,19.62,5.0,0,1,0.0,5.0,-22.0,0.0
2017-01-01,2017-01,Central-West,4-7 days,2,2,119.02,5.0,0,2,0.0,6.0,-37.5,0.0
2017-01-01,2017-01,Central-West,8-14 days,3,23,4911.89,4.04,4,18,17.39,11.04,-32.48,0.0
2017-01-01,2017-01,Central-West,15-30 days,4,13,3175.53,3.54,4,8,30.77,18.69,-24.62,0.0
2017-01-01,2017-01,Central-West,30+ days,5,3,649.75,3.0,1,1,33.33,53.67,8.0,66.67
2017-01-01,2017-01,Central-West,not delivered,99,2,380.9,3.0,1,1,50.0,,,
2017-01-01,2017-01,North,8-14 days,3,6,1406.04,4.83,0,6,0.0,11.33,-38.83,0.0
2017-01-01,2017-01,North,15-30 days,4,10,2217.3,3.5,3,6,30.0,19.3,-29.4,0.0
2017-01-01,2017-01,North,30+ days,5,1,125.09,2.0,1,0,100.0,45.0,-4.0,0.0
2017-01-01,2017-01,North,not delivered,99,2,1254.85,3.5,0,1,0.0,,,
2017-01-01,2017-01,Northeast,0-3 days,1,1,43.89,5.0,0,1,0.0,3.0,-46.0,0.0
2017-01-01,2017-01,Northeast,4-7 days,2,2,552.42,5.0,0,2,0.0,6.5,-41.0,0.0
2017-01-01,2017-01,Northeast,8-14 days,3,34,5698.73,4.47,2,31,5.88,11.38,-35.82,0.0
2017-01-01,2017-01,Northeast,15-30 days,4,25,5273.41,4.28,3,20,12.0,18.2,-30.28,0.0
2017-01-01,2017-01,Northeast,30+ days,5,5,731.83,1.8,4,1,80.0,62.0,16.0,80.0
2017-01-01,2017-01,Northeast,not delivered,99,5,448.63,3.4,1,2,20.0,,,
2017-01-01,2017-01,South,0-3 days,1,1,59.99,5.0,0,1,0.0,3.0,-55.0,0.0
2017-01-01,2017-01,South,4-7 days,2,14,1908.25,4.43,1,12,7.14,5.93,-33.14,0.0
2017-01-01,2017-01,South,8-14 days,3,94,14710.4,4.45,9,80,9.57,11.06,-28.77,0.0
2017-01-01,2017-01,South,15-30 days,4,27,7670.96,4.33,1,22,3.7,18.37,-24.63,0.0
2017-01-01,2017-01,South,30+ days,5,4,330.95,2.0,3,1,75.0,60.0,21.5,100.0
2017-01-01,2017-01,South,not delivered,99,10,2719.9,1.3,9,0,90.0,,,
2017-01-01,2017-01,Southeast,0-3 days,1,10,4617.33,4.9,0,10,0.0,2.2,-29.7,0.0
2017-01-01,2017-01,Southeast,4-7 days,2,134,18912.82,4.43,9,118,6.72,5.89,-31.35,0.0
2017-01-01,2017-01,Southeast,8-14 days,3,248,39486.32,4.17,28,193,11.29,10.28,-28.64,0.0
2017-01-01,2017-01,Southeast,15-30 days,4,78,11656.07,4.05,9,59,11.54,18.87,-21.55,1.28
2017-01-01,2017-01,Southeast,30+ days,5,15,3224.38,1.93,11,3,73.33,48.4,13.27,73.33
2017-01-01,2017-01,Southeast,not delivered,99,31,4901.84,1.81,24,5,77.42,,,
2017-02-01,2017-02,Central-West,4-7 days,2,8,1134.22,4.63,0,8,0.0,6.38,-31.63,0.0
2017-02-01,2017-02,Central-West,8-14 days,3,22,10147.05,4.5,2,20,9.09,10.45,-26.14,0.0
2017-02-01,2017-02,Central-West,15-30 days,4,41,13314.82,4.17,6,32,14.63,20.17,-15.76,0.0
2017-02-01,2017-02,Central-West,30+ days,5,2,120.35,3.0,1,1,50.0,106.0,76.0,50.0
2017-02-01,2017-02,Central-West,not delivered,99,6,645.99,1.0,6,0,100.0,,,
2017-02-01,2017-02,North,4-7 days,2,3,4139.86,4.33,0,2,0.0,6.0,-43.67,0.0
2017-02-01,2017-02,North,8-14 days,3,16,2283.3,4.5,0,13,0.0,11.88,-29.94,0.0
2017-02-01,2017-02,North,15-30 days,4,33,8145.06,4.52,2,30,6.06,20.88,-19.97,0.0
2017-02-01,2017-02,North,30+ days,5,3,1349.78,4.33,0,2,0.0,36.33,-7.0,0.0
2017-02-01,2017-02,North,not delivered,99,3,567.6,1.0,3,0,100.0,,,
2017-02-01,2017-02,Northeast,4-7 days,2,4,319.33,5.0,0,4,0.0,6.5,-59.5,0.0
2017-02-01,2017-02,Northeast,8-14 days,3,41,6153.19,4.51,2,37,4.88,11.78,-28.71,0.0
2017-02-01,2017-02,Northeast,15-30 days,4,91,16834.12,4.14,10,68,10.99,20.05,-21.25,0.0
2017-02-01,2017-02,Northeast,30+ days,5,18,3945.77,3.06,8,9,44.44,47.89,7.61,50.0
2017-02-01,2017-02,Northeast,not delivered,99,5,630.8,1.4,4,0,80.0,,,
2017-02-01,2017-02,South,0-3 days,1,3,385.95,5.0,0,3,0.0,3.0,-24.33,0.0
2017-02-01,2017-02,South,4-7 days,2,29,6476.45,4.17,4,23,13.79,6.0,-28.14,0.0
2017-02-01,2017-02,South,8-14 days,3,127,22274.55,4.43,7,112,5.51,10.95,-20.64,0.0
2017-02-01,2017-02,South,15-30 days,4,97,14236.88,3.92,13,70,13.4,20.07,-13.66,0.0
2017-02-01,2017-02,South,30+ days,5,11,1736.0,2.0,8,2,72.73,37.91,9.18,81.82
2017-02-01,2017-02,South,not delivered,99,15,2694.96,1.27,14,0,93.33,,,
2017-02-01,2017-02,Southeast,0-3 days,1,35,4153.38,4.43,2,30,5.71,2.77,-23.66,0.0
2017-02-01,2017-02,Southeast,4-7 days,2,305,40055.43,4.3,24,248,7.87,5.81,-23.5,0.0
2017-02-01,2017-02,Southeast,8-14 days,3,546,81866.7,4.3,51,449,9.34,10.55,-20.15,0.0
2017-02-01,2017-02,Southeast,15-30 days,4,191,27788.02,3.92,32,133,16.75,18.45,-13.77,4.71
2017-02-01,2017-02,Southeast,30+ days,5,27,4379.11,2.48,16,9,59.26,50.78,16.81,77.78
2017-02-01,2017-02,Southeast,not delivered,99,98,10501.95,1.68,78,13,79.59,,,
2017-03-01,2017-03,Central-West,4-7 days,2,15,3617.35,4.53,1,14,6.67,5.8,-23.07,0.0
2017-03-01,2017-03,Central-West,8-14 days,3,71,10826.98,4.21,8,55,11.27,11.51,-16.93,0.0
2017-03-01,2017-03,Central-West,15-30 days,4,45,10819.87,3.96,7,33,15.56,19.96,-9.29,0.0
2017-03-01,2017-03,Central-West,30+ days,5,5,2087.57,2.4,3,1,60.0,45.8,7.2,80.0
2017-03-01,2017-03,Central-West,not delivered,99,10,470.07,2.7,5,4,50.0,,,
2017-03-01,2017-03,North,4-7 days,2,2,141.73,4.5,0,2,0.0,5.0,-32.0,0.0
2017-03-01,2017-03,North,8-14 days,3,16,2840.2,3.81,3,11,18.75,11.81,-23.44,0.0
2017-03-01,2017-03,North,15-30 days,4,33,6872.66,4.0,3,23,9.09,19.58,-16.45,0.0
2017-03-01,2017-03,North,30+ days,5,19,4611.31,3.63,5,12,26.32,60.32,20.47,42.11
2017-03-01,2017-03,North,not delivered,99,2,96.98,2.0,1,0,50.0,,,
2017-03-01,2017-03,Northeast,4-7 days,2,8,1629.39,4.25,1,7,12.5,6.5,-28.75,0.0
2017-03-01,2017-03,Northeast,8-14 days,3,54,8103.51,4.5,3,48,5.56,11.87,-19.87,0.0
2017-03-01,2017-03,Northeast,15-30 days,4,145,31558.08,3.96,24,104,16.55,20.03,-14.69,0.0
2017-03-01,2017-03,Northeast,30+ days,5,37,7295.31,2.41,21,12,56.76,65.86,31.54,86.49
2017-03-01,2017-03,Northeast,not delivered,99,20,3191.89,2.1,12,4,60.0,,,
2017-03-01,2017-03,South,0-3 days,1,2,466.13,4.5,0,2,0.0,3.0,-15.5,0.0
2017-03-01,2017-03,South,4-7 days,2,62,8533.96,4.52,2,55,3.23,6.16,-17.4,0.0
2017-03-01,2017-03,South,8-14 days,3,159,25550.37,4.3,13,129,8.18,11.06,-14.1,0.0
2017-03-01,2017-03,South,15-30 days,4,136,24705.82,4.02,14,103,10.29,19.49,-7.29,12.5
2017-03-01,2017-03,South,30+ days,5,10,929.64,2.7,5,4,50.0,51.9,25.2,90.0
2017-03-01,2017-03,South,not delivered,99,19,2551.83,1.58,15,3,78.95,,,
2017-03-01,2017-03,Southeast,0-3 days,1,66,13200.9,4.58,4,60,6.06,2.76,-18.2,0.0
2017-03-01,2017-03,Southeast,4-7 days,2,567,76486.81,4.43,36,491,6.35,5.89,-16.11,0.0
2017-03-01,2017-03,Southeast,8-14 days,3,880,133029.14,4.25,83,723,9.43,10.42,-13.25,0.0
2017-03-01,2017-03,Southeast,15-30 days,4,188,37004.03,3.73,39,121,20.74,19.13,-6.74,12.23
2017-03-01,2017-03,Southeast,30+ days,5,26,4020.19,1.85,20,4,76.92,59.54,29.38,88.46
2017-03-01,2017-03,Southeast,not delivered,99,85,11406.87,1.88,62,16,72.94,,,
2017-04-01,2017-04,Central-West,0-3 days,1,1,382.38,1.0,1,0,100.0,3.0,-29.0,0.0
2017-04-01,2017-04,Central-West,4-7 days,2,5,656.11,4.4,0,5,0.0,6.2,-22.2,0.0
2017-04-01,2017-04,Central-West,8-14 days,3,39,5993.42,4.08,5,31,12.82,11.51,-19.9,0.0
2017-04-01,2017-04,Central-West,15-30 days,4,59,12166.04,3.98,9,44,15.25,19.34,-12.66,0.0
2017-04-01,2017-04,Central-West,30+ days,5,8,1899.2,2.88,3,2,37.5,50.75,18.88,75.0
2017-04-01,2017-04,Central-West,not delivered,99,6,808.71,2.17,3,1,50.0,,,
2017-04-01,2017-04,North,8-14 days,3,14,2293.05,4.43,0,12,0.0,11.64,-26.57,0.0
2017-04-01,2017-04,North,15-30 days,4,58,9733.34,4.29,6,47,10.34,20.88,-15.09,1.72
2017-04-01,2017-04,North,30+ days,5,4,1198.8,2.5,2,1,50.0,38.75,-0.25,50.0
2017-04-01,2017-04,North,not delivered,99,3,659.19,1.33,3,0,100.0,,,
2017-04-01,2017-04,Northeast,4-7 days,2,3,432.45,4.67,0,3,0.0,6.0,-29.0,0.0
2017-04-01,2017-04,Northeast,8-14 days,3,34,5822.81,4.38,4,29,11.76,11.5,-24.41,0.0
2017-04-01,2017-04,Northeast,15-30 days,4,166,30834.55,4.12,19,131,11.45,21.31,-15.28,1.2
2017-04-01,2017-04,Northeast,30+ days,5,58,14531.45,3.24,22,32,37.93,50.66,14.48,58.62
2017-04-01,2017-04,Northeast,not delivered,99,20,2744.66,1.9,15,3,75.0,,,
2017-04-01,2017-04,South,0-3 days,1,1,65.67,5.0,0,1,0.0,3.0,-14.0,0.0
2017-04-01,2017-04,South,4-7 days,2,25,3910.72,4.52,2,23,8.0,6.2,-20.2,0.0
2017-04-01,2017-04,South,8-14 days,3,176,24885.71,4.26,17,144,9.66,11.03,-16.99,0.0
2017-04-01,2017-04,South,15-30 days,4,124,19498.56,4.22,12,102,9.68,18.86,-9.71,3.23
2017-04-01,2017-04,South,30+ days,5,18,2413.12,2.5,10,5,55.56,36.83,4.0,61.11
2017-04-01,2017-04,South,not delivered,99,13,3875.07,2.31,9,3,69.23,,,
2017-04-01,2017-04,Southeast,0-3 days,1,37,4571.76,4.49,2,32,5.41,2.81,-19.46,0.0
2017-04-01,2017-04,Southeast,4-7 days,2,322,49799.23,4.41,22,279,6.83,5.9,-18.67,0.0
2017-04-01,2017-04,Southeast,8-14 days,3,702,106441.61,4.33,63,582,8.97,10.77,-14.8,0.0
2017-04-01,2017-04,Southeast,15-30 days,4,405,83702.17,3.82,75,277,18.52,19.37,-7.58,13.33
2017-04-01,2017-04,Southeast,30+ days,5,44,9580.25,2.32,28,14,63.64,37.36,7.66,84.09
2017-04-01,2017-04,Southeast,not delivered,99,59,13522.21,1.76,46,9,77.97,,,
2017-05-01,2017-05,Central-West,0-3 days,1,1,28.01,5.0,0,1,0.0,2.0,-11.0,0.0
2017-05-01,2017-05,Central-West,4-7 days,2,20,3904.63,4.65,0,19,0.0,6.6,-20.0,0.0
2017-05-01,2017-05,Central-West,8-14 days,3,110,19431.49,4.45,5,91,4.55,11.03,-18.34,0.0
2017-05-01,2017-05,Central-West,15-30 days,4,68,11483.88,4.34,6,56,8.82,18.03,-13.51,0.0
2017-05-01,2017-05,Central-West,30+ days,5,7,4087.68,1.86,6,1,85.71,49.86,10.71,57.14
2017-05-01,2017-05,Central-West,not delivered,99,11,981.61,1.36,10,0,90.91,,,
2017-05-01,2017-05,North,8-14 days,3,37,6342.18,4.62,1,33,2.7,11.49,-21.19,0.0
2017-05-01,2017-05,North,15-30 days,4,37,6831.0,4.08,6,29,16.22,21.11,-17.11,0.0
2017-05-01,2017-05,North,30+ days,5,8,2150.35,3.0,3,4,37.5,46.75,10.38,25.0
2017-05-01,2017-05,North,not delivered,99,5,268.14,1.4,5,0,100.0,,,
2017-05-01,2017-05,Northeast,4-7 days,2,14,3084.77,3.79,3,10,21.43,6.14,-28.36,0.0
2017-05-01,2017-05,Northeast,8-14 days,3,134,24703.2,4.47,8,117,5.97,11.48,-22.4,0.0
2017-05-01,2017-05,Northeast,15-30 days,4,209,40013.67,4.11,24,167,11.48,19.6,-14.92,0.96
2017-05-01,2017-05,Northeast,30+ days,5,12,3297.37,2.42,7,4,58.33,40.33,5.25,58.33
2017-05-01,2017-05,Northeast,not delivered,99,19,1984.77,1.68,16,3,84.21,,,
2017-05-01,2017-05,South,0-3 days,1,12,4260.58,4.75,0,11,0.0,2.67,-16.58,0.0
2017-05-01,2017-05,South,4-7 days,2,115,20693.3,4.37,10,98,8.7,6.3,-17.64,0.0
2017-05-01,2017-05,South,8-14 days,3,301,49613.94,4.38,20,254,6.64,10.64,-15.09,0.0
2017-05-01,2017-05,South,15-30 days,4,122,16156.77,3.92,18,89,14.75,18.48,-8.9,3.28
2017-05-01,2017-05,South,30+ days,5,6,1194.11,4.0,1,4,16.67,69.83,43.0,100.0
2017-05-01,2017-05,South,not delivered,99,16,3404.85,2.5,9,6,56.25,,,
2017-05-01,2017-05,Southeast,0-3 days,1,176,22642.53,4.5,7,153,3.98,2.41,-12.97,0.0
2017-05-01,2017-05,Southeast,4-7 days,2,698,101226.38,4.33,64,585,9.17,5.78,-14.71,0.0
2017-05-01,2017-05,Southeast,8-14 days,3,1104,168238.34,4.24,109,892,9.87,10.31,-13.09,1.09
2017-05-01,2017-05,Southeast,15-30 days,4,326,52063.76,3.82,58,225,17.79,18.73,-8.07,13.5
2017-05-01,2017-05,Southeast,30+ days,5,28,5209.46,2.39,16,9,57.14,43.71,16.0,89.29
2017-05-01,2017-05,Southeast,not delivered,99,104,12894.18,1.84,80,18,76.92,,,
2017-06-01,2017-06,Central-West,4-7 days,2,8,757.13,3.63,2,5,25.0,6.25,-20.63,0.0
2017-06-01,2017-06,Central-West,8-14 days,3,102,14646.4,4.18,10,81,9.8,11.65,-17.86,0.0
2017-06-01,2017-06,Central-West,15-30 days,4,77,13114.95,4.03,9,60,11.69,18.69,-11.65,0.0
2017-06-01,2017-06,Central-West,30+ days,5,5,971.13,3.4,2,3,40.0,38.2,9.4,100.0
2017-06-01,2017-06,Central-West,not delivered,99,8,954.8,3.75,1,6,12.5,,,
2017-06-01,2017-06,North,4-7 days,2,3,497.4,3.67,1,2,33.33,6.67,-27.33,0.0
2017-06-01,2017-06,North,8-14 days,3,22,6313.23,4.59,0,21,0.0,11.91,-22.0,0.0
2017-06-01,2017-06,North,15-30 days,4,34,5607.63,4.53,1,31,2.94,21.29,-13.97,0.0
2017-06-01,2017-06,North,30+ days,5,5,2204.3,4.2,1,4,20.0,36.6,2.0,40.0
2017-06-01,2017-06,North,not delivered,99,2,308.24,1.0,2,0,100.0,,,
2017-06-01,2017-06,Northeast,0-3 days,1,1,101.26,5.0,0,1,0.0,3.0,-32.0,0.0
2017-06-01,2017-06,Northeast,4-7 days,2,7,1100.85,4.57,0,6,0.0,6.57,-25.57,0.0
2017-06-01,2017-06,Northeast,8-14 days,3,101,18856.6,4.25,11,83,10.89,12.02,-21.93,0.0
2017-06-01,2017-06,Northeast,15-30 days,4,143,28760.39,3.92,24,103,16.78,20.15,-15.01,1.4
2017-06-01,2017-06,Northeast,30+ days,5,18,8351.72,1.94,13,4,72.22,45.44,10.78,77.78
2017-06-01,2017-06,Northeast,not delivered,99,16,2710.59,2.06,11,4,68.75,,,
2017-06-01,2017-06,South,0-3 days,1,11,1951.75,4.73,0,10,0.0,2.73,-13.45,0.0
2017-06-01,2017-06,South,4-7 days,2,48,6795.99,4.52,3,41,6.25,6.23,-18.02,0.0
2017-06-01,2017-06,South,8-14 days,3,309,43281.97,4.42,17,267,5.5,10.99,-14.91,0.0
2017-06-01,2017-06,South,15-30 days,4,119,16820.46,4.32,10,100,8.4,18.24,-9.26,2.52
2017-06-01,2017-06,South,30+ days,5,5,578.55,2.4,3,2,60.0,50.6,18.0,80.0
2017-06-01,2017-06,South,not delivered,99,16,1602.71,1.44,14,1,87.5,,,
2017-06-01,2017-06,Southeast,0-3 days,1,153,19788.98,4.31,15,123,9.8,2.38,-12.97,0.0
2017-06-01,2017-06,Southeast,4-7 days,2,564,77118.64,4.32,49,467,8.69,5.73,-13.52,0.0
2017-06-01,2017-06,Southeast,8-14 days,3,1019,146026.26,4.28,99,837,9.72,10.56,-13.09,0.0
2017-06-01,2017-06,Southeast,15-30 days,4,354,72554.88,3.85,68,250,19.21,18.89,-7.15,11.86
2017-06-01,2017-06,Southeast,30+ days,5,27,3849.9,2.81,12,11,44.44,53.85,26.63,85.19
2017-06-01,2017-06,Southeast,not delivered,99,68,7336.33,1.82,51,12,75.0,,,
2017-07-01,2017-07,Central-West,0-3 days,1,4,503.75,5.0,0,4,0.0,2.0,-16.5,0.0
2017-07-01,2017-07,Central-West,4-7 days,2,17,3362.36,4.41,2,14,11.76,6.24,-20.88,0.0
2017-07-01,2017-07,Central-West,8-14 days,3,111,21961.26,4.43,7,97,6.31,11.29,-17.16,0.0
2017-07-01,2017-07,Central-West,15-30 days,4,78,12594.23,4.37,5,69,6.41,18.46,-10.88,0.0
2017-07-01,2017-07,Central-West,30+ days,5,3,415.96,3.0,1,1,33.33,49.33,22.67,100.0
2017-07-01,2017-07,Central-West,not delivered,99,4,231.87,1.0,4,0,100.0,,,
2017-07-01,2017-07,North,4-7 days,2,1,44.62,5.0,0,1,0.0,7.0,-27.0,0.0
2017-07-01,2017-07,North,8-14 days,3,13,2260.45,4.31,1,11,7.69,11.38,-23.77,0.0
2017-07-01,2017-07,North,15-30 days,4,43,6970.68,4.07,6,33,13.95,19.42,-16.23,0.0
2017-07-01,2017-07,North,30+ days,5,3,400.93,3.33,1,2,33.33,39.33,4.67,100.0
2017-07-01,2017-07,North,not delivered,99,4,1068.98,2.0,3,1,75.0,,,
2017-07-01,2017-07,Northeast,4-7 days,2,10,1509.48,4.2,1,7,10.0,6.1,-25.4,0.0
2017-07-01,2017-07,Northeast,8-14 days,3,112,18751.01,4.32,11,92,9.82,11.73,-21.14,0.0
2017-07-01,2017-07,Northeast,15-30 days,4,229,36923.32,4.18,19,185,8.3,20.32,-13.43,0.0
2017-07-01,2017-07,Northeast,30+ days,5,53,10992.09,2.49,28,16,52.83,41.28,6.17,67.92
2017-07-01,2017-07,Northeast,not delivered,99,20,2847.38,2.65,11,9,55.0,,,
2017-07-01,2017-07,South,0-3 days,1,8,1318.89,4.88,0,8,0.0,2.75,-13.25,0.0
2017-07-01,2017-07,South,4-7 days,2,87,10961.33,4.59,1,81,1.15,6.01,-17.38,0.0
2017-07-01,2017-07,South,8-14 days,3,339,50054.76,4.41,22,290,6.49,10.85,-14.65,0.0
2017-07-01,2017-07,South,15-30 days,4,149,21992.54,4.21,18,120,12.08,18.72,-7.68,5.37
2017-07-01,2017-07,South,30+ days,5,6,927.58,2.67,2,1,33.33,45.17,17.33,100.0
2017-07-01,2017-07,South,not delivered,99,21,1943.72,2.43,13,8,61.9,,,
2017-07-01,2017-07,Southeast,0-3 days,1,254,31053.4,4.44,19,220,7.48,2.48,-12.69,0.0
2017-07-01,2017-07,Southeast,4-7 days,2,781,104325.31,4.4,52,659,6.66,5.74,-13.79,0.0
2017-07-01,2017-07,Southeast,8-14 days,3,1204,163469.74,4.26,120,978,9.97,10.42,-12.62,0.33
2017-07-01,2017-07,Southeast,15-30 days,4,342,58744.9,3.86,63,241,18.42,17.98,-7.06,7.6
2017-07-01,2017-07,Southeast,30+ days,5,25,6760.49,1.92,18,5,72.0,44.68,17.52,88.0
2017-07-01,2017-07,Southeast,not delivered,99,105,12580.59,1.82,79,14,75.24,,,
2017-08-01,2017-08,Central-West,0-3 days,1,5,877.54,3.6,2,3,40.0,2.6,-20.6,0.0
2017-08-01,2017-08,Central-West,4-7 days,2,24,4061.2,4.17,2,19,8.33,6.29,-18.08,0.0
2017-08-01,2017-08,Central-West,8-14 days,3,128,19440.34,4.3,12,109,9.38,11.15,-17.13,0.0
2017-08-01,2017-08,Central-West,15-30 days,4,75,13932.07,3.88,16,52,21.33,18.21,-12.29,1.33
2017-08-01,2017-08,Central-West,30+ days,5,3,1108.89,4.0,0,2,0.0,38.33,7.0,66.67
2017-08-01,2017-08,Central-West,not delivered,99,8,2013.69,2.38,5,3,62.5,,,
2017-08-01,2017-08,North,4-7 days,2,4,996.41,4.75,0,4,0.0,6.25,-27.75,0.0
2017-08-01,2017-08,North,8-14 days,3,35,7619.0,4.31,3,29,8.57,11.91,-23.43,0.0
2017-08-01,2017-08,North,15-30 days,4,56,15613.16,4.16,8,47,14.29,20.48,-15.86,0.0
2017-08-01,2017-08,North,30+ days,5,3,859.04,4.67,0,3,0.0,34.33,-2.33,0.0
2017-08-01,2017-08,North,not delivered,99,3,36.43,3.33,1,2,33.33,,,
2017-08-01,2017-08,Northeast,0-3 days,1,2,1363.8,5.0,0,2,0.0,2.5,-18.0,0.0
2017-08-01,2017-08,Northeast,4-7 days,2,27,7213.27,4.15,3,22,11.11,6.07,-23.81,0.0
2017-08-01,2017-08,Northeast,8-14 days,3,140,23683.64,4.4,10,119,7.14,11.74,-20.57,0.0
2017-08-01,2017-08,Northeast,15-30 days,4,236,49426.16,4.26,21,194,8.9,19.8,-14.06,1.27
2017-08-01,2017-08,Northeast,30+ days,5,33,9209.58,2.45,20,11,60.61,39.36,6.0,75.76
2017-08-01,2017-08,Northeast,not delivered,99,14,6315.83,1.64,11,2,78.57,,,
2017-08-01,2017-08,South,0-3 days,1,17,3110.64,4.59,1,15,5.88,2.76,-17.35,0.0
2017-08-01,2017-08,South,4-7 days,2,118,16036.02,4.5,10,105,8.47,6.08,-17.21,0.0
2017-08-01,2017-08,South,8-14 days,3,323,48215.08,4.36,26,274,8.05,10.91,-14.31,0.0
2017-08-01,2017-08,South,15-30 days,4,188,28539.76,4.23,19,156,10.11,18.91,-8.45,3.19
2017-08-01,2017-08,South,30+ days,5,21,2308.5,2.62,11,8,52.38,35.52,7.62,95.24
2017-08-01,2017-08,South,not delivered,99,13,1726.8,1.15,12,0,92.31,,,
2017-08-01,2017-08,Southeast,0-3 days,1,324,36477.06,4.49,20,287,6.17,2.33,-13.09,0.0
2017-08-01,2017-08,Southeast,4-7 days,2,938,127366.76,4.46,63,825,6.72,5.68,-14.21,0.0
2017-08-01,2017-08,Southeast,8-14 days,3,1147,173250.52,4.33,99,967,8.63,10.43,-13.05,0.7
2017-08-01,2017-08,Southeast,15-30 days,4,328,51879.82,3.95,51,235,15.55,18.71,-7.02,12.2
2017-08-01,2017-08,Southeast,30+ days,5,18,3244.1,2.56,9,6,50.0,48.22,24.22,94.44
2017-08-01,2017-08,Southeast,not delivered,99,100,12279.49,2.02,70,20,70.0,,,
2017-09-01,2017-09,Central-West,0-3 days,1,2,362.6,4.5,0,2,0.0,2.5,-15.0,0.0
2017-09-01,2017-09,Central-West,4-7 days,2,26,2945.78,4.35,4,22,15.38,5.85,-17.96,0.0
2017-09-01,2017-09,Central-West,8-14 days,3,135,25514.57,4.24,15,109,11.11,11.1,-13.09,0.0
2017-09-01,2017-09,Central-West,15-30 days,4,79,15580.14,3.89,14,55,17.72,19.39,-6.54,11.39
2017-09-01,2017-09,Central-West,30+ days,5,1,99.7,1.0,1,0,100.0,49.0,16.0,100.0
2017-09-01,2017-09,Central-West,not delivered,99,9,1219.8,2.0,6,2,66.67,,,
2017-09-01,2017-09,North,4-7 days,2,1,234.89,5.0,0,1,0.0,7.0,-23.0,0.0
2017-09-01,2017-09,North,8-14 days,3,17,4688.57,4.24,2,13,11.76,12.29,-25.88,0.0
2017-09-01,2017-09,North,15-30 days,4,62,12556.31,4.48,4,56,6.45,21.06,-16.66,0.0
2017-09-01,2017-09,North,30+ days,5,10,3702.23,2.2,6,2,60.0,45.5,5.0,60.0
2017-09-01,2017-09,North,not delivered,99,1,0.0,3.0,0,0,0.0,,,
2017-09-01,2017-09,Northeast,4-7 days,2,14,2738.91,4.36,2,12,14.29,6.21,-18.86,0.0
2017-09-01,2017-09,Northeast,8-14 days,3,159,35161.53,4.2,19,128,11.95,11.6,-14.72,0.0
2017-09-01,2017-09,Northeast,15-30 days,4,244,52250.03,4.23,22,201,9.02,20.3,-8.6,6.97
2017-09-01,2017-09,Northeast,30+ days,5,45,6602.35,2.38,28,13,62.22,39.84,11.73,95.56
2017-09-01,2017-09,Northeast,not delivered,99,16,4181.44,1.38,15,1,93.75,,,
2017-09-01,2017-09,South,0-3 days,1,13,2072.99,4.62,1,11,7.69,2.62,-14.31,0.0
2017-09-01,2017-09,South,4-7 days,2,72,8924.65,4.49,4,64,5.56,5.93,-16.76,0.0
2017-09-01,2017-09,South,8-14 days,3,312,53726.95,4.29,28,255,8.97,11.33,-15.25,0.0
2017-09-01,2017-09,South,15-30 days,4,194,31033.96,4.22,22,159,11.34,18.74,-8.74,5.15
2017-09-01,2017-09,South,30+ days,5,9,1070.1,2.67,5,4,55.56,35.22,7.67,77.78
2017-09-01,2017-09,South,not delivered,99,15,2262.81,1.67,13,2,86.67,,,
2017-09-01,2017-09,Southeast,0-3 days,1,211,25612.2,4.45,17,183,8.06,2.39,-11.91,0.0
2017-09-01,2017-09,Southeast,4-7 days,2,846,116606.83,4.39,63,726,7.45,5.68,-13.43,0.0
2017-09-01,2017-09,Southeast,8-14 days,3,1327,225157.25,4.35,107,1121,8.06,10.41,-11.93,0.6
2017-09-01,2017-09,Southeast,15-30 days,4,344,69408.5,3.92,59,251,17.15,18.79,-5.28,15.99
2017-09-01,2017-09,Southeast,30+ days,5,27,5026.45,2.15,18,7,66.67,45.15,21.89,96.3
2017-09-01,2017-09,Southeast,not delivered,99,94,11657.37,1.76,73,13,77.66,,,
2017-10-01,2017-10,Central-West,0-3 days,1,3,735.7,3.67,0,1,0.0,2.33,-7.0,0.0
2017-10-01,2017-10,Central-West,4-7 days,2,26,4821.41,4.23,4,21,15.38,6.08,-17.54,0.0
2017-10-01,2017-10,Central-West,8-14 days,3,146,27564.09,4.29,13,125,8.9,11.28,-14.92,0.0
2017-10-01,2017-10,Central-West,15-30 days,4,102,20297.2,4.29,7,86,6.86,19.19,-9.62,4.9
2017-10-01,2017-10,Central-West,30+ days,5,3,632.3,2.33,2,1,66.67,38.0,12.33,100.0
2017-10-01,2017-10,Central-West,not delivered,99,11,1493.69,2.09,7,4,63.64,,,
2017-10-01,2017-10,North,4-7 days,2,3,173.87,4.33,0,2,0.0,5.33,-26.33,0.0
2017-10-01,2017-10,North,8-14 days,3,19,2853.38,4.32,2,16,10.53,11.68,-26.32,0.0
2017-10-01,2017-10,North,15-30 days,4,54,12152.67,4.07,7,39,12.96,20.43,-18.5,0.0
2017-10-01,2017-10,North,30+ days,5,16,2321.9,4.13,2,12,12.5,39.06,-2.56,25.0
2017-10-01,2017-10,North,not delivered,99,4,234.32,1.0,4,0,100.0,,,
2017-10-01,2017-10,Northeast,4-7 days,2,16,5749.22,4.69,0,16,0.0,6.63,-19.38,0.0
2017-10-01,2017-10,Northeast,8-14 days,3,143,33633.62,4.31,13,121,9.09,11.56,-17.28,0.0
2017-10-01,2017-10,Northeast,15-30 days,4,270,57797.49,4.08,36,209,13.33,20.28,-10.3,4.81
2017-10-01,2017-10,Northeast,30+ days,5,42,10837.25,2.07,27,5,64.29,38.79,8.48,76.19
2017-10-01,2017-10,Northeast,not delivered,99,16,2511.69,1.69,12,2,75.0,,,
2017-10-01,2017-10,South,0-3 days,1,10,2121.5,4.1,1,8,10.0,2.7,-17.1,0.0
2017-10-01,2017-10,South,4-7 days,2,66,9895.28,4.3,6,53,9.09,6.09,-17.24,0.0
2017-10-01,2017-10,South,8-14 days,3,336,63514.02,4.28,26,280,7.74,11.0,-16.51,0.0
2017-10-01,2017-10,South,15-30 days,4,191,27774.49,4.14,23,147,12.04,18.9,-9.17,4.71
2017-10-01,2017-10,South,30+ days,5,13,2046.14,1.77,11,2,84.62,38.62,9.77,76.92
2017-10-01,2017-10,South,not delivered,99,20,1532.56,1.85,15,3,75.0,,,
2017-10-01,2017-10,Southeast,0-3 days,1,247,30110.58,4.45,17,217,6.88,2.38,-11.59,0.0
2017-10-01,2017-10,Southeast,4-7 days,2,941,133426.36,4.32,84,780,8.93,5.76,-13.88,0.0
2017-10-01,2017-10,Southeast,8-14 days,3,1377,229767.43,4.28,127,1145,9.22,10.33,-12.33,0.58
2017-10-01,2017-10,Southeast,15-30 days,4,415,66755.42,3.87,74,296,17.83,18.52,-5.51,16.14
2017-10-01,2017-10,Southeast,30+ days,5,39,6135.69,1.72,31,5,79.49,42.79,17.74,92.31
2017-10-01,2017-10,Southeast,not delivered,99,102,12423.1,1.58,83,9,81.37,,,
2017-11-01,2017-11,Central-West,0-3 days,1,1,151.22,5.0,0,1,0.0,1.0,-13.0,0.0
2017-11-01,2017-11,Central-West,4-7 days,2,14,2042.91,4.21,2,12,14.29,6.21,-17.36,0.0
2017-11-01,2017-11,Central-West,8-14 days,3,187,32459.37,4.42,17,160,9.09,11.23,-14.02,0.0
2017-11-01,2017-11,Central-West,15-30 days,4,191,36063.77,3.95,30,135,15.71,20.05,-6.85,9.42
2017-11-01,2017-11,Central-West,30+ days,5,32,4057.11,1.72,24,2,75.0,40.31,13.84,100.0
2017-11-01,2017-11,Central-West,not delivered,99,18,2424.35,1.61,15,3,83.33,,,
2017-11-01,2017-11,North,4-7 days,2,2,269.32,4.5,0,2,0.0,6.0,-26.5,0.0
2017-11-01,2017-11,North,8-14 days,3,13,2686.07,4.46,0,11,0.0,12.38,-23.69,0.0
2017-11-01,2017-11,North,15-30 days,4,78,18830.59,4.03,12,58,15.38,21.55,-15.35,1.28
2017-11-01,2017-11,North,30+ days,5,31,7509.74,2.77,16,13,51.61,39.74,-1.06,45.16
2017-11-01,2017-11,North,not delivered,99,1,59.05,1.0,1,0,100.0,,,
2017-11-01,2017-11,Northeast,0-3 days,1,2,172.22,5.0,0,2,0.0,2.5,-12.5,0.0
2017-11-01,2017-11,Northeast,4-7 days,2,11,1972.52,4.64,1,10,9.09,6.09,-20.82,0.0
2017-11-01,2017-11,Northeast,8-14 days,3,169,29024.58,4.23,15,136,8.88,11.77,-16.25,0.0
2017-11-01,2017-11,Northeast,15-30 days,4,368,70727.62,3.96,61,277,16.58,21.2,-7.63,8.7
2017-11-01,2017-11,Northeast,30+ days,5,125,25588.53,1.95,91,23,72.8,42.24,12.42,91.2
2017-11-01,2017-11,Northeast,not delivered,99,23,1640.72,1.74,19,4,82.61,,,
2017-11-01,2017-11,South,0-3 days,1,13,1673.29,4.77,0,12,0.0,2.54,-16.0,0.0
2017-11-01,2017-11,South,4-7 days,2,80,12582.03,4.26,10,65,12.5,6.04,-16.84,0.0
2017-11-01,2017-11,South,8-14 days,3,449,76208.56,4.33,40,372,8.91,11.37,-14.47,0.0
2017-11-01,2017-11,South,15-30 days,4,426,61450.71,3.96,68,313,15.96,20.21,-7.49,9.86
2017-11-01,2017-11,South,30+ days,5,94,13853.83,1.86,69,14,73.4,41.15,12.81,90.43
2017-11-01,2017-11,South,not delivered,99,41,5430.25,1.59,33,3,80.49,,,
2017-11-01,2017-11,Southeast,0-3 days,1,272,31611.38,4.33,28,227,10.29,2.52,-12.46,0.0
2017-11-01,2017-11,Southeast,4-7 days,2,1097,146609.22,4.32,93,918,8.48,5.68,-12.32,0.0
2017-11-01,2017-11,Southeast,8-14 days,3,2093,322702.84,4.25,203,1700,9.7,10.79,-11.07,0.19
2017-11-01,2017-11,Southeast,15-30 days,4,1281,210398.07,3.8,250,877,19.52,19.85,-3.63,24.12
2017-11-01,2017-11,Southeast,30+ days,5,259,44583.87,1.69,206,31,79.54,43.64,19.88,97.68
2017-11-01,2017-11,Southeast,not delivered,99,173,16360.03,1.57,147,19,84.97,,,
2017-12-01,2017-12,Central-West,0-3 days,1,2,66.69,5.0,0,2,0.0,1.5,-16.5,0.0
2017-12-01,2017-12,Central-West,4-7 days,2,24,4577.74,4.13,4,18,16.67,6.17,-22.17,0.0
2017-12-01,2017-12,Central-West,8-14 days,3,99,15200.9,4.34,11,85,11.11,11.28,-19.58,0.0
2017-12-01,2017-12,Central-West,15-30 days,4,186,29087.08,4.12,23,144,12.37,20.58,-10.39,2.69
2017-12-01,2017-12,Central-West,30+ days,5,25,5586.76,2.2,16,6,64.0,38.56,4.56,68.0
2017-12-01,2017-12,Central-West,not delivered,99,7,1247.52,1.29,6,0,85.71,,,
2017-12-01,2017-12,North,8-14 days,3,14,4979.35,4.57,0,13,0.0,12.64,-29.5,0.0
2017-12-01,2017-12,North,15-30 days,4,57,8483.09,4.02,6,43,10.53,22.96,-19.11,0.0
2017-12-01,2017-12,North,30+ days,5,27,6576.24,3.74,7,20,25.93,36.59,-7.63,14.81
2017-12-01,2017-12,Northeast,0-3 days,1,1,199.79,5.0,0,1,0.0,3.0,-20.0,0.0
2017-12-01,2017-12,Northeast,4-7 days,2,18,4944.65,4.56,1,17,5.56,5.72,-21.44,0.0
2017-12-01,2017-12,Northeast,8-14 days,3,111,18730.77,4.16,10,89,9.01,11.81,-22.19,0.0
2017-12-01,2017-12,Northeast,15-30 days,4,316,54342.6,4.2,26,253,8.23,21.38,-13.23,0.32
2017-12-01,2017-12,Northeast,30+ days,5,84,15132.32,2.81,40,34,47.62,41.77,6.93,64.29
2017-12-01,2017-12,Northeast,not delivered,99,11,2422.3,1.73,9,2,81.82,,,
2017-12-01,2017-12,South,0-3 days,1,13,4541.93,4.54,0,11,0.0,2.23,-18.85,0.0
2017-12-01,2017-12,South,4-7 days,2,65,11455.79,4.25,6,51,9.23,6.06,-22.74,0.0
2017-12-01,2017-12,South,8-14 days,3,261,33092.22,4.37,21,222,8.05,11.11,-20.22,0.0
2017-12-01,2017-12,South,15-30 days,4,321,47377.09,4.05,44,247,13.71,20.74,-12.69,0.62
2017-12-01,2017-12,South,30+ days,5,71,15879.2,2.56,37,21,52.11,39.85,3.44,66.2
2017-12-01,2017-12,South,not delivered,99,16,628.12,1.56,14,2,87.5,,,
2017-12-01,2017-12,Southeast,0-3 days,1,264,25648.68,4.5,15,230,5.68,2.43,-17.13,0.0
2017-12-01,2017-12,Southeast,4-7 days,2,821,102331.42,4.37,76,699,9.26,5.66,-16.85,0.0
2017-12-01,2017-12,Southeast,8-14 days,3,1437,209581.25,4.31,127,1201,8.84,10.66,-16.05,0.0
2017-12-01,2017-12,Southeast,15-30 days,4,1072,174652.92,3.9,191,774,17.82,20.13,-8.65,7.37
2017-12-01,2017-12,Southeast,30+ days,5,224,50609.81,2.0,162,44,72.32,40.94,10.29,90.18
2017-12-01,2017-12,Southeast,not delivered,99,126,16171.0,1.45,111,12,88.1,,,
2018-01-01,2018-01,Central-West,0-3 days,1,6,677.55,4.33,1,5,16.67,2.33,-18.83,0.0
2018-01-01,2018-01,Central-West,4-7 days,2,34,5099.01,4.21,5,29,14.71,6.32,-20.0,0.0
2018-01-01,2018-01,Central-West,8-14 days,3,193,25928.37,4.2,20,153,10.36,11.03,-17.23,0.0
2018-01-01,2018-01,Central-West,15-30 days,4,180,27292.44,4.13,17,134,9.44,20.02,-10.94,2.22
2018-01-01,2018-01,Central-West,30+ days,5,19,6111.63,2.42,12,7,63.16,38.79,3.0,68.42
2018-01-01,2018-01,Central-West,not delivered,99,7,2493.56,1.29,6,0,85.71,,,
2018-01-01,2018-01,North,4-7 days,2,2,843.3,3.0,0,0,0.0,6.5,-48.0,0.0
2018-01-01,2018-01,North,8-14 days,3,21,3288.31,4.1,2,17,9.52,12.67,-26.81,0.0
2018-01-01,2018-01,North,15-30 days,4,78,17008.02,4.04,12,58,15.38,22.08,-21.22,0.0
2018-01-01,2018-01,North,30+ days,5,34,9008.44,3.38,10,20,29.41,39.65,-9.59,20.59
2018-01-01,2018-01,North,not delivered,99,3,837.18,1.33,3,0,100.0,,,
2018-01-01,2018-01,Northeast,0-3 days,1,4,169.08,4.75,0,4,0.0,2.5,-17.0,0.0
2018-01-01,2018-01,Northeast,4-7 days,2,18,2440.19,4.56,1,17,5.56,5.61,-20.61,0.0
2018-01-01,2018-01,Northeast,8-14 days,3,201,36818.28,4.29,19,166,9.45,11.79,-19.92,0.0
2018-01-01,2018-01,Northeast,15-30 days,4,328,55560.34,4.11,39,244,11.89,20.45,-12.84,0.61
2018-01-01,2018-01,Northeast,30+ days,5,86,24893.79,2.43,52,27,60.47,42.42,5.56,66.28
2018-01-01,2018-01,Northeast,not delivered,99,35,5090.33,1.71,26,4,74.29,,,
2018-01-01,2018-01,South,0-3 days,1,19,2287.7,4.21,2,14,10.53,2.79,-17.16,0.0
2018-01-01,2018-01,South,4-7 days,2,86,11808.19,4.52,6,77,6.98,5.69,-20.73,0.0
2018-01-01,2018-01,South,8-14 days,3,363,52283.13,4.29,37,301,10.19,11.01,-18.64,0.0
2018-01-01,2018-01,South,15-30 days,4,491,69706.8,4.09,63,376,12.83,20.38,-10.98,1.83
2018-01-01,2018-01,South,30+ days,5,90,14924.3,2.64,45,29,50.0,38.4,1.84,64.44
2018-01-01,2018-01,South,not delivered,99,16,5166.75,1.5,13,1,81.25,,,
2018-01-01,2018-01,Southeast,0-3 days,1,368,44445.29,4.43,28,320,7.61,2.51,-14.89,0.0
2018-01-01,2018-01,Southeast,4-7 days,2,1253,171468.78,4.37,100,1056,7.98,5.74,-15.3,0.0
2018-01-01,2018-01,Southeast,8-14 days,3,1930,282578.65,4.25,203,1564,10.52,10.55,-14.94,0.0
2018-01-01,2018-01,Southeast,15-30 days,4,1072,173410.1,3.88,185,759,17.26,19.64,-8.73,10.07
2018-01-01,2018-01,Southeast,30+ days,5,193,39835.77,1.96,140,36,72.54,44.53,12.2,75.13
2018-01-01,2018-01,Southeast,not delivered,99,139,15826.61,1.5,118,12,84.89,,,
2018-02-01,2018-02,Central-West,0-3 days,1,3,296.93,3.67,1,2,33.33,2.0,-14.0,0.0
2018-02-01,2018-02,Central-West,4-7 days,2,8,905.16,3.88,1,6,12.5,5.0,-16.13,0.0
2018-02-01,2018-02,Central-West,8-14 days,3,88,13185.37,4.41,4,74,4.55,11.84,-14.68,0.0
2018-02-01,2018-02,Central-West,15-30 days,4,306,42933.58,3.99,41,230,13.4,20.3,-8.24,8.17
2018-02-01,2018-02,Central-West,30+ days,5,42,8562.1,1.55,35,5,83.33,39.69,12.64,92.86
2018-02-01,2018-02,Central-West,not delivered,99,5,359.18,1.2,5,0,100.0,,,
2018-02-01,2018-02,North,8-14 days,3,4,672.42,4.5,0,4,0.0,12.5,-18.25,0.0
2018-02-01,2018-02,North,15-30 days,4,70,13361.51,4.13,7,54,10.0,23.21,-15.06,4.29
2018-02-01,2018-02,North,30+ days,5,32,6489.43,2.91,13,12,40.63,42.25,3.25,46.88
2018-02-01,2018-02,North,not delivered,99,5,446.48,1.0,5,0,100.0,,,
2018-02-01,2018-02,Northeast,0-3 days,1,3,367.43,3.67,1,2,33.33,2.67,-12.67,0.0
2018-02-01,2018-02,Northeast,4-7 days,2,10,2044.8,4.1,1,7,10.0,6.1,-19.5,0.0
2018-02-01,2018-02,Northeast,8-14 days,3,99,19852.2,4.38,6,83,6.06,12.05,-17.63,0.0
2018-02-01,2018-02,Northeast,15-30 days,4,359,61301.1,3.94,56,254,15.6,21.24,-9.77,6.13
2018-02-01,2018-02,Northeast,30+ days,5,130,26373.15,2.18,85,36,65.38,42.6,11.13,82.31
2018-02-01,2018-02,Northeast,not delivered,99,17,3328.79,1.94,12,3,70.59,,,
2018-02-01,2018-02,South,0-3 days,1,7,1255.4,3.43,3,4,42.86,3.0,-19.29,0.0
2018-02-01,2018-02,South,4-7 days,2,58,7682.77,4.45,4,52,6.9,5.95,-17.14,0.0
2018-02-01,2018-02,South,8-14 days,3,287,38905.06,4.32,21,242,7.32,11.31,-15.36,0.0
2018-02-01,2018-02,South,15-30 days,4,478,76377.9,4.01,72,364,15.06,20.58,-8.97,7.32
2018-02-01,2018-02,South,30+ days,5,122,19746.34,2.3,76,33,62.3,38.33,8.46,85.25
2018-02-01,2018-02,South,not delivered,99,15,1975.15,1.93,12,3,80.0,,,
2018-02-01,2018-02,Southeast,0-3 days,1,288,33780.46,4.44,23,251,7.99,2.44,-13.72,0.0
2018-02-01,2018-02,Southeast,4-7 days,2,796,102038.99,4.34,70,666,8.79,5.68,-12.92,0.0
2018-02-01,2018-02,Southeast,8-14 days,3,1714,231493.77,4.26,169,1418,9.86,10.96,-12.94,0.23
2018-02-01,2018-02,Southeast,15-30 days,4,1290,198376.38,3.63,316,804,24.5,20.13,-5.76,18.06
2018-02-01,2018-02,Southeast,30+ days,5,362,60210.25,1.61,294,36,81.22,44.48,18.85,93.92
2018-02-01,2018-02,Southeast,not delivered,99,130,14586.86,1.65,105,16,80.77,,,
2018-03-01,2018-03,Central-West,0-3 days,1,1,22.6,5.0,0,1,0.0,2.0,-9.0,0.0
2018-03-01,2018-03,Central-West,4-7 days,2,15,2522.42,4.67,0,14,0.0,6.4,-14.6,0.0
2018-03-01,2018-03,Central-West,8-14 days,3,141,24318.45,4.14,14,111,9.93,11.52,-11.89,0.0
2018-03-01,2018-03,Central-West,15-30 days,4,195,32652.05,3.7,44,130,22.56,20.89,-4.48,25.13
2018-03-01,2018-03,Central-West,30+ days,5,45,5683.52,1.89,32,6,71.11,37.53,11.8,93.33
2018-03-01,2018-03,Central-West,not delivered,99,13,2872.57,1.62,10,1,76.92,,,
2018-03-01,2018-03,North,8-14 days,3,13,4181.31,4.15,2,11,15.38,12.69,-22.0,0.0
2018-03-01,2018-03,North,15-30 days,4,49,11599.35,3.51,14,28,28.57,24.59,-10.45,4.08
2018-03-01,2018-03,North,30+ days,5,58,12214.13,2.31,36,17,62.07,45.34,6.4,72.41
2018-03-01,2018-03,North,not delivered,99,8,2416.16,1.25,7,0,87.5,,,
2018-03-01,2018-03,Northeast,0-3 days,1,2,393.42,4.0,0,1,0.0,2.5,-23.0,0.0
2018-03-01,2018-03,Northeast,4-7 days,2,14,3463.57,4.43,1,13,7.14,6.29,-18.93,0.0
2018-03-01,2018-03,Northeast,8-14 days,3,120,26507.45,4.24,7,95,5.83,11.56,-14.11,0.0
2018-03-01,2018-03,Northeast,15-30 days,4,322,65401.79,4.01,55,240,17.08,21.43,-6.73,15.53
2018-03-01,2018-03,Northeast,30+ days,5,181,42880.51,1.96,128,35,70.72,39.13,10.45,88.4
2018-03-01,2018-03,Northeast,not delivered,99,30,4471.49,1.5,25,2,83.33,,,
2018-03-01,2018-03,South,0-3 days,1,18,3421.35,4.83,0,18,0.0,2.72,-14.11,0.0
2018-03-01,2018-03,South,4-7 days,2,89,14138.54,4.46,5,80,5.62,5.96,-15.51,0.0
2018-03-01,2018-03,South,8-14 days,3,343,53871.89,4.24,37,278,10.79,11.12,-13.69,0.0
2018-03-01,2018-03,South,15-30 days,4,477,79912.01,3.75,98,320,20.55,20.62,-5.83,18.03
2018-03-01,2018-03,South,30+ days,5,96,16571.92,2.1,65,20,67.71,38.77,11.82,92.71
2018-03-01,2018-03,South,not delivered,99,24,3420.67,1.79,17,3,70.83,,,
2018-03-01,2018-03,Southeast,0-3 days,1,365,40925.06,4.44,31,321,8.49,2.39,-11.53,0.0
2018-03-01,2018-03,Southeast,4-7 days,2,1114,147286.77,4.35,101,940,9.07,5.57,-10.79,0.0
2018-03-01,2018-03,Southeast,8-14 days,3,1606,241009.56,4.21,168,1305,10.46,10.79,-10.75,1.62
2018-03-01,2018-03,Southeast,15-30 days,4,1320,218264.23,3.5,362,791,27.42,20.66,-3.49,30.98
2018-03-01,2018-03,Southeast,30+ days,5,419,73356.34,1.81,318,67,75.89,40.91,14.37,89.02
2018-03-01,2018-03,Southeast,not delivered,99,133,21347.69,1.73,105,17,78.95,,,
2018-04-01,2018-04,Central-West,0-3 days,1,7,567.46,4.14,1,5,14.29,2.57,-12.71,0.0
2018-04-01,2018-04,Central-West,4-7 days,2,31,5767.17,4.26,4,27,12.9,6.39,-17.23,0.0
2018-04-01,2018-04,Central-West,8-14 days,3,186,30558.44,4.43,14,162,7.53,11.18,-14.55,0.0
2018-04-01,2018-04,Central-West,15-30 days,4,156,25417.88,4.1,18,123,11.54,19.26,-8.57,5.77
2018-04-01,2018-04,Central-West,30+ days,5,5,1982.4,2.0,4,1,80.0,40.8,12.8,80.0
2018-04-01,2018-04,Central-West,not delivered,99,7,1208.25,2.14,5,2,71.43,,,
2018-04-01,2018-04,North,4-7 days,2,3,214.28,4.33,0,3,0.0,6.67,-25.0,0.0
2018-04-01,2018-04,North,8-14 days,3,9,1151.61,3.89,1,6,11.11,12.0,-22.89,0.0
2018-04-01,2018-04,North,15-30 days,4,58,15611.35,4.14,5,46,8.62,22.09,-14.28,1.72
2018-04-01,2018-04,North,30+ days,5,43,9601.01,2.86,18,18,41.86,40.7,0.0,51.16
2018-04-01,2018-04,North,not delivered,99,5,663.5,1.6,4,0,80.0,,,
2018-04-01,2018-04,Northeast,0-3 days,1,1,159.68,4.0,0,1,0.0,2.0,-12.0,0.0
2018-04-01,2018-04,Northeast,4-7 days,2,17,2385.56,4.35,2,14,11.76,5.76,-19.24,0.0
2018-04-01,2018-04,Northeast,8-14 days,3,127,29957.07,4.34,10,111,7.87,11.8,-16.39,0.0
2018-04-01,2018-04,Northeast,15-30 days,4,362,71467.64,3.99,52,272,14.36,21.44,-7.63,9.94
2018-04-01,2018-04,Northeast,30+ days,5,95,20265.4,2.04,63,20,66.32,42.94,12.45,85.26
2018-04-01,2018-04,Northeast,not delivered,99,25,4936.08,2.12,18,7,72.0,,,
2018-04-01,2018-04,South,0-3 days,1,23,5609.32,4.13,4,18,17.39,2.57,-13.09,0.0
2018-04-01,2018-04,South,4-7 days,2,189,39342.04,4.49,16,167,8.47,5.95,-18.26,0.0
2018-04-01,2018-04,South,8-14 days,3,540,98372.65,4.35,46,460,8.52,10.65,-17.08,0.19
2018-04-01,2018-04,South,15-30 days,4,204,41379.29,4.21,20,166,9.8,18.9,-10.26,2.94
2018-04-01,2018-04,South,30+ days,5,16,2228.68,2.06,10,3,62.5,36.44,9.88,93.75
2018-04-01,2018-04,South,not delivered,99,10,3610.7,2.0,7,2,70.0,,,
2018-04-01,2018-04,Southeast,0-3 days,1,594,74587.41,4.44,39,516,6.57,2.38,-13.03,0.0
2018-04-01,2018-04,Southeast,4-7 days,2,1610,230492.35,4.4,131,1388,8.14,5.61,-14.78,0.0
2018-04-01,2018-04,Southeast,8-14 days,3,1826,303894.92,4.24,192,1486,10.51,10.31,-14.59,0.38
2018-04-01,2018-04,Southeast,15-30 days,4,629,112113.43,3.8,125,430,19.87,19.23,-9.05,11.45
2018-04-01,2018-04,Southeast,30+ days,5,67,9751.89,2.19,45,15,67.16,41.66,12.46,77.61
2018-04-01,2018-04,Southeast,not delivered,99,94,16400.58,1.93,69,17,73.4,,,
2018-05-01,2018-05,Central-West,0-3 days,1,6,751.98,4.0,1,4,16.67,2.33,-12.67,0.0
2018-05-01,2018-05,Central-West,4-7 days,2,47,10706.95,4.28,5,38,10.64,6.06,-16.74,0.0
2018-05-01,2018-05,Central-West,8-14 days,3,193,44512.66,4.28,21,163,10.88,10.53,-15.33,0.0
2018-05-01,2018-05,Central-West,15-30 days,4,131,23663.1,4.16,14,105,10.69,19.4,-8.16,14.5
2018-05-01,2018-05,Central-West,30+ days,5,9,2589.06,2.11,6,2,66.67,35.67,6.11,77.78
2018-05-01,2018-05,Central-West,not delivered,99,9,774.46,2.0,6,2,66.67,,,
2018-05-01,2018-05,North,4-7 days,2,2,138.05,5.0,0,2,0.0,5.5,-32.5,0.0
2018-05-01,2018-05,North,8-14 days,3,7,738.94,4.71,0,7,0.0,10.43,-17.29,0.0
2018-05-01,2018-05,North,15-30 days,4,64,15148.8,4.34,6,56,9.38,22.02,-18.58,6.25
2018-05-01,2018-05,North,30+ days,5,18,4651.43,3.17,7,8,38.89,34.61,-4.17,27.78
2018-05-01,2018-05,Northeast,0-3 days,1,7,455.35,4.71,0,7,0.0,2.71,-19.14,0.0
2018-05-01,2018-05,Northeast,4-7 days,2,27,7584.34,4.44,2,25,7.41,5.74,-17.78,0.0
2018-05-01,2018-05,Northeast,8-14 days,3,132,19781.2,4.36,11,113,8.33,11.56,-18.02,0.76
2018-05-01,2018-05,Northeast,15-30 days,4,319,65606.37,4.03,44,240,13.79,21.23,-9.34,9.72
2018-05-01,2018-05,Northeast,30+ days,5,65,13452.33,2.94,27,28,41.54,37.97,5.82,75.38
2018-05-01,2018-05,Northeast,not delivered,99,11,795.9,1.64,8,0,72.73,,,
2018-05-01,2018-05,South,0-3 days,1,19,2280.0,4.79,1,18,5.26,2.37,-10.37,0.0
2018-05-01,2018-05,South,4-7 days,2,190,37299.38,4.41,14,161,7.37,6.06,-16.96,0.0
2018-05-01,2018-05,South,8-14 days,3,370,62417.62,4.39,24,320,6.49,10.71,-17.25,0.27
2018-05-01,2018-05,South,15-30 days,4,287,49727.14,4.13,36,227,12.54,19.74,-8.53,9.76
2018-05-01,2018-05,South,30+ days,5,18,3782.19,2.61,10,6,55.56,35.5,9.17,88.89
2018-05-01,2018-05,South,not delivered,99,5,875.31,3.4,2,3,40.0,,,
2018-05-01,2018-05,Southeast,0-3 days,1,657,76974.44,4.51,40,589,6.09,2.34,-11.21,0.0
2018-05-01,2018-05,Southeast,4-7 days,2,1724,269559.57,4.41,124,1479,7.19,5.63,-13.77,0.0
2018-05-01,2018-05,Southeast,8-14 days,3,1489,241819.14,4.3,140,1239,9.4,10.45,-14.74,1.61
2018-05-01,2018-05,Southeast,15-30 days,4,908,165682.12,3.8,174,616,19.16,19.3,-6.8,22.47
2018-05-01,2018-05,Southeast,30+ days,5,60,9452.36,2.23,35,11,58.33,41.33,15.3,90.0
2018-05-01,2018-05,Southeast,not delivered,99,99,18561.63,1.68,80,11,80.81,,,
2018-06-01,2018-06,Central-West,0-3 days,1,3,329.08,5.0,0,3,0.0,2.0,-10.0,0.0
2018-06-01,2018-06,Central-West,4-7 days,2,73,10409.57,4.48,6,65,8.22,6.07,-21.49,0.0
2018-06-01,2018-06,Central-West,8-14 days,3,222,39154.11,4.36,18,190,8.11,10.73,-20.87,0.0
2018-06-01,2018-06,Central-West,15-30 days,4,56,12487.42,3.98,8,43,14.29,17.11,-18.16,1.79
2018-06-01,2018-06,Central-West,30+ days,5,5,1651.4,2.8,2,2,40.0,45.0,13.0,60.0
2018-06-01,2018-06,Central-West,not delivered,99,3,828.45,2.33,2,1,66.67,,,
2018-06-01,2018-06,North,4-7 days,2,2,383.04,4.0,0,1,0.0,6.0,-44.0,0.0
2018-06-01,2018-06,North,8-14 days,3,39,9498.9,4.21,3,31,7.69,11.69,-29.59,0.0
2018-06-01,2018-06,North,15-30 days,4,57,12828.08,4.26,4,47,7.02,19.88,-25.28,0.0
2018-06-01,2018-06,North,30+ days,5,2,345.26,4.5,0,2,0.0,39.0,-13.5,0.0
2018-06-01,2018-06,North,not delivered,99,1,0.0,2.0,1,0,100.0,,,
2018-06-01,2018-06,Northeast,0-3 days,1,2,1227.91,3.0,1,1,50.0,2.0,-24.5,0.0
2018-06-01,2018-06,Northeast,4-7 days,2,25,3617.53,4.44,1,23,4.0,6.12,-24.76,0.0
2018-06-01,2018-06,Northeast,8-14 days,3,245,61189.54,4.31,20,201,8.16,11.17,-23.31,0.0
2018-06-01,2018-06,Northeast,15-30 days,4,231,48803.24,4.39,15,198,6.49,19.54,-15.72,2.6
2018-06-01,2018-06,Northeast,30+ days,5,41,10478.62,2.68,20,16,48.78,40.56,3.56,53.66
2018-06-01,2018-06,Northeast,not delivered,99,13,2464.3,1.62,11,1,84.62,,,
2018-06-01,2018-06,South,0-3 days,1,25,7092.36,4.28,3,20,12.0,2.64,-18.84,0.0
2018-06-01,2018-06,South,4-7 days,2,208,34438.09,4.45,19,179,9.13,6.06,-22.45,0.0
2018-06-01,2018-06,South,8-14 days,3,477,85035.38,4.31,51,405,10.69,10.52,-22.19,0.0
2018-06-01,2018-06,South,15-30 days,4,99,14646.59,4.15,12,79,12.12,17.56,-20.62,0.0
2018-06-01,2018-06,South,30+ days,5,6,1171.59,2.83,2,2,33.33,48.0,11.67,66.67
2018-06-01,2018-06,South,not delivered,99,3,79.52,1.33,3,0,100.0,,,
2018-06-01,2018-06,Southeast,0-3 days,1,691,87118.92,4.48,49,601,7.09,2.3,-15.04,0.0
2018-06-01,2018-06,Southeast,4-7 days,2,1852,273196.68,4.35,175,1571,9.45,5.6,-19.29,0.0
2018-06-01,2018-06,Southeast,8-14 days,3,1440,236987.63,4.28,142,1193,9.86,10.05,-20.53,0.28
2018-06-01,2018-06,Southeast,15-30 days,4,264,54208.42,3.86,52,183,19.7,18.56,-16.32,6.44
2018-06-01,2018-06,Southeast,30+ days,5,31,5149.6,2.58,16,10,51.61,45.19,4.23,45.16
2018-06-01,2018-06,Southeast,not delivered,99,51,7855.88,1.61,41,5,80.39,,,
2018-07-01,2018-07,Central-West,0-3 days,1,4,246.58,4.0,1,3,25.0,2.75,-10.25,0.0
2018-07-01,2018-07,Central-West,4-7 days,2,104,14400.74,4.64,2,99,1.92,6.13,-13.3,0.0
2018-07-01,2018-07,Central-West,8-14 days,3,205,45441.81,4.37,16,177,7.8,10.33,-12.34,0.0
2018-07-01,2018-07,Central-West,15-30 days,4,56,11722.82,3.57,15,34,26.79,19.73,-6.11,19.64
2018-07-01,2018-07,Central-West,30+ days,5,4,752.53,1.75,3,0,75.0,43.5,13.25,75.0
2018-07-01,2018-07,Central-West,not delivered,99,4,5048.21,1.5,3,0,75.0,,,
2018-07-01,2018-07,North,4-7 days,2,5,476.31,4.4,0,4,0.0,6.2,-22.2,0.0
2018-07-01,2018-07,North,8-14 days,3,56,12949.83,4.57,3,50,5.36,11.02,-18.52,0.0
2018-07-01,2018-07,North,15-30 days,4,59,17308.41,4.27,6,47,10.17,20.07,-15.95,3.39
2018-07-01,2018-07,North,30+ days,5,8,2104.14,2.75,3,3,37.5,37.75,-5.13,25.0
2018-07-01,2018-07,Northeast,0-3 days,1,4,515.68,4.75,0,4,0.0,3.0,-16.0,0.0
2018-07-01,2018-07,Northeast,4-7 days,2,52,11381.89,4.35,5,44,9.62,6.35,-17.9,0.0
2018-07-01,2018-07,Northeast,8-14 days,3,383,86334.05,4.37,29,324,7.57,10.96,-14.13,0.0
2018-07-01,2018-07,Northeast,15-30 days,4,206,50392.16,4.06,31,158,15.05,19.33,-6.88,11.17
2018-07-01,2018-07,Northeast,30+ days,5,20,4139.14,2.05,15,4,75.0,41.65,15.8,90.0
2018-07-01,2018-07,Northeast,not delivered,99,14,3129.76,1.36,13,1,92.86,,,
2018-07-01,2018-07,South,0-3 days,1,36,5796.58,4.61,2,33,5.56,2.61,-13.28,0.0
2018-07-01,2018-07,South,4-7 days,2,285,42829.86,4.48,16,249,5.61,5.99,-14.72,0.0
2018-07-01,2018-07,South,8-14 days,3,409,74906.31,4.36,30,351,7.33,10.09,-13.21,0.0
2018-07-01,2018-07,South,15-30 days,4,82,14098.46,4.09,13,63,15.85,19.07,-7.16,13.41
2018-07-01,2018-07,South,30+ days,5,5,1211.37,2.4,3,1,60.0,42.8,21.0,80.0
2018-07-01,2018-07,South,not delivered,99,17,7746.6,1.59,15,2,88.24,,,
2018-07-01,2018-07,Southeast,0-3 days,1,733,91868.87,4.38,65,623,8.87,2.42,-9.18,0.0
2018-07-01,2018-07,Southeast,4-7 days,2,1869,254716.51,4.43,133,1611,7.12,5.58,-12.26,0.48
2018-07-01,2018-07,Southeast,8-14 days,3,1234,208236.67,4.27,139,1017,11.26,9.79,-12.0,2.43
2018-07-01,2018-07,Southeast,15-30 days,4,311,71802.11,3.68,74,205,23.79,19.68,-6.46,22.51
2018-07-01,2018-07,Southeast,30+ days,5,26,3653.69,2.69,11,10,42.31,41.19,17.81,96.15
2018-07-01,2018-07,Southeast,not delivered,99,101,15516.94,1.71,78,13,77.23,,,
2018-08-01,2018-08,Central-West,0-3 days,1,7,690.75,4.43,0,6,0.0,2.29,-5.0,0.0
2018-08-01,2018-08,Central-West,4-7 days,2,85,12877.79,4.44,9,73,10.59,6.04,-11.15,0.0
2018-08-01,2018-08,Central-West,8-14 days,3,196,32572.13,4.34,16,164,8.16,10.46,-9.75,2.04
2018-08-01,2018-08,Central-West,15-30 days,4,45,10714.93,3.67,11,29,24.44,18.78,-3.49,28.89
2018-08-01,2018-08,Central-West,30+ days,5,1,65.35,1.0,1,0,100.0,51.0,36.0,100.0
2018-08-01,2018-08,Central-West,not delivered,99,6,176.91,1.83,5,1,83.33,,,
2018-08-01,2018-08,North,4-7 days,2,2,572.41,5.0,0,2,0.0,7.0,-20.0,0.0
2018-08-01,2018-08,North,8-14 days,3,43,12068.09,4.51,3,38,6.98,10.93,-15.77,0.0
2018-08-01,2018-08,North,15-30 days,4,28,5601.96,4.57,2,26,7.14,18.75,-14.11,7.14
2018-08-01,2018-08,North,not delivered,99,2,0.0,1.5,2,0,100.0,,,
2018-08-01,2018-08,Northeast,0-3 days,1,2,208.46,3.5,1,1,50.0,2.5,-6.5,0.0
2018-08-01,2018-08,Northeast,4-7 days,2,38,7160.92,4.63,0,35,0.0,6.21,-19.58,2.63
2018-08-01,2018-08,Northeast,8-14 days,3,290,60308.44,4.32,24,253,8.28,10.81,-16.58,0.0
2018-08-01,2018-08,Northeast,15-30 days,4,101,18034.47,4.21,10,80,9.9,17.95,-12.65,5.94
2018-08-01,2018-08,Northeast,30+ days,5,2,121.81,1.0,2,0,100.0,45.0,23.5,100.0
2018-08-01,2018-08,Northeast,not delivered,99,14,1472.3,2.71,8,6,57.14,,,
2018-08-01,2018-08,South,0-3 days,1,34,5141.95,4.41,2,29,5.88,2.44,-8.21,0.0
2018-08-01,2018-08,South,4-7 days,2,290,42183.34,4.57,14,262,4.83,5.87,-10.52,0.0
2018-08-01,2018-08,South,8-14 days,3,432,74490.51,4.38,32,365,7.41,10.13,-10.67,1.39
2018-08-01,2018-08,South,15-30 days,4,63,12018.25,3.78,12,44,19.05,17.56,-4.9,26.98
2018-08-01,2018-08,South,30+ days,5,2,2690.18,1.0,2,0,100.0,32.0,16.0,100.0
2018-08-01,2018-08,South,not delivered,99,18,3473.63,1.5,15,1,83.33,,,
2018-08-01,2018-08,Southeast,0-3 days,1,834,98245.99,4.53,48,744,5.76,2.34,-5.62,0.0
2018-08-01,2018-08,Southeast,4-7 days,2,2344,339504.72,4.37,189,2001,8.06,5.58,-7.91,2.94
2018-08-01,2018-08,Southeast,8-14 days,3,1329,216421.71,4.14,168,1042,12.64,9.85,-7.09,13.84
2018-08-01,2018-08,Southeast,15-30 days,4,178,32189.84,3.23,68,94,38.2,18.21,-0.71,45.51
2018-08-01,2018-08,Southeast,30+ days,5,5,1607.64,2.8,3,2,60.0,36.2,17.8,100.0
2018-08-01,2018-08,Southeast,not delivered,99,121,12693.99,2.02,81,21,66.94,,,
2018-09-01,2018-09,South,not delivered,99,1,0.0,1.0,1,0,100.0,,,
2018-09-01,2018-09,Southeast,not delivered,99,15,166.46,1.8,12,2,80.0,,,
2018-10-01,2018-10,Northeast,not delivered,99,1,0.0,5.0,0,1,0.0,,,
2018-10-01,2018-10,Southeast,not delivered,99,3,0.0,1.33,3,0,100.0,,,
