month_start_date,year_month,payment_type,instalment_band,payment_rows,orders,customers,payment_value,avg_payment_value,avg_installments,pct_of_month_value
2016-09-01,2016-09,credit_card,single payment,1,1,1,136.23,136.23,1.0,100.0
2016-10-01,2016-10,boleto,single payment,60,60,60,9226.91,153.78,1.0,17.86
2016-10-01,2016-10,credit_card,2-3 instalments,64,64,64,8350.59,130.48,2.58,16.17
2016-10-01,2016-10,credit_card,4-6 instalments,55,55,55,9831.6,178.76,4.87,19.03
2016-10-01,2016-10,credit_card,7-12 instalments,56,56,55,18634.85,332.77,9.2,36.07
2016-10-01,2016-10,credit_card,single payment,52,51,51,4554.77,87.59,1.0,8.82
2016-10-01,2016-10,debit_card,single payment,2,2,2,241.73,120.87,1.0,0.47
2016-10-01,2016-10,voucher,single payment,22,10,10,817.08,37.14,1.0,1.58
2016-12-01,2016-12,credit_card,single payment,1,1,1,19.62,19.62,1.0,100.0
2017-01-01,2017-01,boleto,single payment,193,193,176,23685.11,122.72,1.0,17.29
2017-01-01,2017-01,credit_card,2-3 instalments,137,136,135,20835.0,152.08,2.47,15.21
2017-01-01,2017-01,credit_card,4-6 instalments,121,121,118,19707.02,162.87,4.83,14.38
2017-01-01,2017-01,credit_card,7-12 instalments,119,119,115,45639.47,383.52,8.88,33.31
2017-01-01,2017-01,credit_card,single payment,197,197,191,22373.35,113.57,1.0,16.33
2017-01-01,2017-01,debit_card,single payment,9,9,9,743.53,82.61,1.0,0.54
2017-01-01,2017-01,voucher,single payment,60,32,31,4023.28,67.05,1.0,2.94
2017-02-01,2017-02,boleto,single payment,383,383,381,55844.85,145.81,1.0,19.69
2017-02-01,2017-02,credit_card,12+ instalments,1,1,1,173.29,173.29,17.0,0.06
2017-02-01,2017-02,credit_card,2-3 instalments,350,348,348,46092.23,131.69,2.47,16.25
2017-02-01,2017-02,credit_card,4-6 instalments,239,238,236,50133.13,209.76,4.78,17.68
2017-02-01,2017-02,credit_card,7-12 instalments,220,219,214,76421.84,347.37,8.87,26.94
2017-02-01,2017-02,credit_card,single payment,499,497,488,47911.93,96.02,1.0,16.89
2017-02-01,2017-02,debit_card,single payment,13,13,13,1510.32,116.18,1.0,0.53
2017-02-01,2017-02,voucher,single payment,116,67,66,5534.35,47.71,1.0,1.95
2017-03-01,2017-03,boleto,single payment,582,582,572,79110.63,135.93,1.0,18.59
2017-03-01,2017-03,credit_card,12+ instalments,5,5,5,1031.6,206.32,14.8,0.24
2017-03-01,2017-03,credit_card,2-3 instalments,545,545,536,69216.77,127.0,2.48,16.26
2017-03-01,2017-03,credit_card,4-6 instalments,416,414,410,70036.63,168.36,4.85,16.45
2017-03-01,2017-03,credit_card,7-12 instalments,340,338,334,127893.64,376.16,8.88,30.05
2017-03-01,2017-03,credit_card,single payment,653,651,648,65235.48,99.9,1.0,15.33
2017-03-01,2017-03,debit_card,single payment,30,30,30,3510.32,117.01,1.0,0.82
2017-03-01,2017-03,voucher,single payment,200,123,120,9621.33,48.11,1.0,2.26
2017-04-01,2017-04,boleto,single payment,488,488,483,76633.41,157.04,1.0,18.88
2017-04-01,2017-04,credit_card,12+ instalments,1,1,1,160.99,160.99,15.0,0.04
2017-04-01,2017-04,credit_card,2-3 instalments,529,523,516,63808.43,120.62,2.48,15.72
2017-04-01,2017-04,credit_card,4-6 instalments,402,401,398,67313.33,167.45,4.85,16.58
2017-04-01,2017-04,credit_card,7-12 instalments,358,356,349,133104.07,371.8,8.93,32.79
2017-04-01,2017-04,credit_card,single payment,538,538,534,50644.06,94.13,1.0,12.47
2017-04-01,2017-04,debit_card,single payment,26,26,25,2745.53,105.6,1.0,0.68
2017-04-01,2017-04,voucher,single payment,201,114,112,11578.56,57.6,1.0,2.85
2017-05-01,2017-05,boleto,single payment,758,758,750,126578.03,166.99,1.0,21.71
2017-05-01,2017-05,credit_card,12+ instalments,4,4,3,1415.21,353.8,15.0,0.24
2017-05-01,2017-05,credit_card,2-3 instalments,836,831,826,95511.82,114.25,2.49,16.38
2017-05-01,2017-05,credit_card,4-6 instalments,707,704,696,112395.55,158.98,4.88,19.28
2017-05-01,2017-05,credit_card,7-12 instalments,567,564,551,166285.0,293.27,9.13,28.53
2017-05-01,2017-05,credit_card,single payment,693,692,684,61583.92,88.87,1.0,10.56
2017-05-01,2017-05,debit_card,single payment,30,30,29,3023.41,100.78,1.0,0.52
2017-05-01,2017-05,voucher,single payment,288,170,165,16133.22,56.02,1.0,2.77
2017-06-01,2017-06,boleto,single payment,702,702,687,107052.57,152.5,1.0,21.42
2017-06-01,2017-06,credit_card,12+ instalments,2,2,2,649.66,324.83,15.5,0.13
2017-06-01,2017-06,credit_card,2-3 instalments,742,741,732,81554.95,109.91,2.49,16.32
2017-06-01,2017-06,credit_card,4-6 instalments,620,619,614,92604.31,149.36,4.84,18.53
2017-06-01,2017-06,credit_card,7-12 instalments,463,462,453,146686.95,316.82,9.0,29.35
2017-06-01,2017-06,credit_card,single payment,601,600,594,56111.7,93.36,1.0,11.23
2017-06-01,2017-06,debit_card,single payment,27,27,27,2424.17,89.78,1.0,0.49
2017-06-01,2017-06,voucher,single payment,236,141,137,12743.16,54.0,1.0,2.55
2017-07-01,2017-07,boleto,single payment,829,829,817,114943.96,138.65,1.0,19.86
2017-07-01,2017-07,credit_card,12+ instalments,4,4,3,1732.18,433.05,16.25,0.3
2017-07-01,2017-07,credit_card,2-3 instalments,961,958,944,112105.03,116.65,2.48,19.37
2017-07-01,2017-07,credit_card,4-6 instalments,772,771,759,114033.03,147.71,4.79,19.7
2017-07-01,2017-07,credit_card,7-12 instalments,559,558,552,144452.36,258.41,9.19,24.95
2017-07-01,2017-07,credit_card,single payment,728,726,720,71921.6,98.79,1.0,12.42
2017-07-01,2017-07,debit_card,single payment,22,22,22,2345.03,106.59,1.0,0.41
2017-07-01,2017-07,voucher,single payment,349,199,195,17325.39,49.64,1.0,2.99
2017-08-01,2017-08,boleto,single payment,920,920,914,131113.02,142.51,1.0,19.8
2017-08-01,2017-08,credit_card,12+ instalments,9,9,9,8398.09,933.12,17.22,1.27
2017-08-01,2017-08,credit_card,2-3 instalments,992,990,972,119455.16,120.42,2.51,18.04
2017-08-01,2017-08,credit_card,4-6 instalments,787,785,770,136760.8,173.77,4.76,20.66
2017-08-01,2017-08,credit_card,7-12 instalments,584,582,569,167162.75,286.24,8.95,25.25
2017-08-01,2017-08,credit_card,single payment,872,871,859,81381.34,93.33,1.0,12.29
2017-08-01,2017-08,debit_card,single payment,34,34,34,3136.84,92.26,1.0,0.47
2017-08-01,2017-08,voucher,single payment,275,192,191,14663.77,53.32,1.0,2.21
2017-09-01,2017-09,boleto,single payment,885,885,866,128845.06,145.59,1.0,17.97
2017-09-01,2017-09,credit_card,12+ instalments,13,13,12,9000.72,692.36,17.23,1.25
2017-09-01,2017-09,credit_card,2-3 instalments,974,973,963,130156.32,133.63,2.48,18.15
2017-09-01,2017-09,credit_card,4-6 instalments,732,729,721,134869.03,184.25,4.82,18.81
2017-09-01,2017-09,credit_card,7-12 instalments,562,562,552,183526.74,326.56,8.79,25.59
2017-09-01,2017-09,credit_card,single payment,962,962,956,108666.81,112.96,1.0,15.15
2017-09-01,2017-09,debit_card,single payment,43,43,43,4690.36,109.08,1.0,0.65
2017-09-01,2017-09,voucher,single payment,279,173,173,17440.18,62.51,1.0,2.43
2017-10-01,2017-10,boleto,single payment,971,971,959,137488.96,141.6,1.0,17.98
2017-10-01,2017-10,credit_card,12+ instalments,4,4,4,2366.02,591.51,17.25,0.31
2017-10-01,2017-10,credit_card,2-3 instalments,1113,1113,1101,153290.55,137.73,2.46,20.04
2017-10-01,2017-10,credit_card,4-6 instalments,749,746,737,140385.55,187.43,4.81,18.36
2017-10-01,2017-10,credit_card,7-12 instalments,553,551,548,208170.46,376.44,8.83,27.22
2017-10-01,2017-10,credit_card,single payment,1047,1042,1033,99015.8,94.57,1.0,12.95
2017-10-01,2017-10,debit_card,single payment,52,52,51,5776.57,111.09,1.0,0.76
2017-10-01,2017-10,voucher,single payment,280,199,196,18291.37,65.33,1.0,2.39
2017-11-01,2017-11,boleto,single payment,1479,1479,1454,219899.16,148.68,1.0,18.75
2017-11-01,2017-11,credit_card,12+ instalments,38,38,37,14819.93,390.0,19.53,1.26
2017-11-01,2017-11,credit_card,2-3 instalments,1696,1690,1673,227548.66,134.17,2.46,19.4
2017-11-01,2017-11,credit_card,4-6 instalments,1261,1258,1244,213621.75,169.41,4.79,18.22
2017-11-01,2017-11,credit_card,7-12 instalments,952,949,938,289248.6,303.83,9.04,24.67
2017-11-01,2017-11,credit_card,single payment,1865,1859,1845,182371.53,97.79,1.0,15.55
2017-11-01,2017-11,debit_card,single payment,67,67,67,6016.38,89.8,1.0,0.51
2017-11-01,2017-11,voucher,single payment,382,262,261,19113.22,50.03,1.0,1.63
2017-12-01,2017-12,boleto,single payment,1152,1152,1142,163526.4,141.95,1.0,18.97
2017-12-01,2017-12,credit_card,12+ instalments,13,13,13,5329.37,409.95,17.08,0.62
2017-12-01,2017-12,credit_card,2-3 instalments,1267,1261,1250,167973.7,132.58,2.46,19.49
2017-12-01,2017-12,credit_card,4-6 instalments,898,895,890,150747.01,167.87,4.77,17.49
2017-12-01,2017-12,credit_card,7-12 instalments,682,681,671,203026.77,297.69,8.98,23.56
2017-12-01,2017-12,credit_card,single payment,1473,1470,1460,142785.48,96.94,1.0,16.57
2017-12-01,2017-12,debit_card,single payment,63,63,63,6951.66,110.34,1.0,0.81
2017-12-01,2017-12,voucher,single payment,291,217,215,21574.07,74.14,1.0,2.5
2018-01-01,2018-01,boleto,single payment,1499,1499,1480,202013.5,134.77,1.0,18.32
2018-01-01,2018-01,credit_card,12+ instalments,12,12,12,2978.8,248.23,15.83,0.27
2018-01-01,2018-01,credit_card,2-3 instalments,1639,1639,1622,226929.74,138.46,2.46,20.58
2018-01-01,2018-01,credit_card,4-6 instalments,1101,1100,1088,216243.75,196.41,4.78,19.61
2018-01-01,2018-01,credit_card,7-12 instalments,696,695,687,223655.8,321.34,8.76,20.28
2018-01-01,2018-01,credit_card,single payment,2009,2007,1992,189694.55,94.42,1.0,17.2
2018-01-01,2018-01,debit_card,single payment,109,109,108,11543.55,105.9,1.0,1.05
2018-01-01,2018-01,voucher,single payment,412,300,291,29579.72,71.8,1.0,2.68
2018-02-01,2018-02,boleto,single payment,1311,1311,1279,180998.15,138.06,1.0,18.47
2018-02-01,2018-02,credit_card,12+ instalments,6,6,4,2287.12,381.19,14.67,0.23
2018-02-01,2018-02,credit_card,2-3 instalments,1594,1591,1554,211656.05,132.78,2.43,21.6
2018-02-01,2018-02,credit_card,4-6 instalments,951,951,923,173309.32,182.24,4.79,17.69
2018-02-01,2018-02,credit_card,7-12 instalments,659,657,648,203649.16,309.03,8.68,20.78
2018-02-01,2018-02,credit_card,single payment,1957,1952,1928,178909.01,91.42,1.0,18.26
2018-02-01,2018-02,debit_card,single payment,68,68,67,7444.75,109.48,1.0,0.76
2018-02-01,2018-02,voucher,single payment,300,214,208,21712.67,72.38,1.0,2.22
2018-03-01,2018-03,boleto,single payment,1343,1343,1331,190535.61,141.87,1.0,16.53
2018-03-01,2018-03,credit_card,12+ instalments,14,14,14,4327.01,309.07,15.14,0.38
2018-03-01,2018-03,credit_card,2-3 instalments,1706,1701,1687,241647.21,141.65,2.44,20.96
2018-03-01,2018-03,credit_card,4-6 instalments,1147,1145,1130,215127.78,187.56,4.82,18.66
2018-03-01,2018-03,credit_card,7-12 instalments,836,835,822,285539.16,341.55,8.89,24.77
2018-03-01,2018-03,credit_card,single payment,1955,1955,1941,181422.21,92.8,1.0,15.74
2018-03-01,2018-03,debit_card,single payment,77,77,77,8271.26,107.42,1.0,0.72
2018-03-01,2018-03,voucher,single payment,390,271,268,25866.5,66.32,1.0,2.24
2018-04-01,2018-04,boleto,single payment,1286,1286,1280,193425.42,150.41,1.0,16.73
2018-04-01,2018-04,credit_card,12+ instalments,5,5,5,2913.21,582.64,14.6,0.25
2018-04-01,2018-04,credit_card,2-3 instalments,1636,1634,1626,239776.26,146.56,2.41,20.74
2018-04-01,2018-04,credit_card,4-6 instalments,1053,1051,1047,207301.27,196.87,4.77,17.93
2018-04-01,2018-04,credit_card,7-12 instalments,742,741,735,279455.21,376.62,8.76,24.17
2018-04-01,2018-04,credit_card,single payment,2002,2001,1982,200870.91,100.34,1.0,17.37
2018-04-01,2018-04,debit_card,single payment,97,97,97,10782.53,111.16,1.0,0.93
2018-04-01,2018-04,voucher,single payment,368,236,235,21779.1,59.18,1.0,1.88
2018-05-01,2018-05,boleto,single payment,1257,1257,1245,194773.23,154.95,1.0,17.0
2018-05-01,2018-05,credit_card,12+ instalments,9,9,9,4723.51,524.83,15.89,0.41
2018-05-01,2018-05,credit_card,2-3 instalments,1572,1570,1565,218248.37,138.83,2.43,19.05
2018-05-01,2018-05,credit_card,4-6 instalments,1082,1081,1078,197208.69,182.26,4.83,17.21
2018-05-01,2018-05,credit_card,7-12 instalments,841,840,833,305428.08,363.17,8.62,26.66
2018-05-01,2018-05,credit_card,single payment,1961,1953,1939,194514.52,99.19,1.0,16.98
2018-05-01,2018-05,debit_card,single payment,50,50,49,9561.79,191.24,1.0,0.83
2018-05-01,2018-05,voucher,single payment,316,202,202,21290.44,67.37,1.0,1.86
2018-06-01,2018-06,boleto,single payment,1097,1097,1093,152860.73,139.34,1.0,14.98
2018-06-01,2018-06,credit_card,12+ instalments,16,16,16,4795.81,299.74,16.88,0.47
2018-06-01,2018-06,credit_card,2-3 instalments,1396,1394,1391,198886.46,142.47,2.45,19.49
2018-06-01,2018-06,credit_card,4-6 instalments,1018,1015,1011,194502.96,191.06,4.88,19.06
2018-06-01,2018-06,credit_card,7-12 instalments,698,697,693,251748.85,360.67,8.67,24.67
2018-06-01,2018-06,credit_card,single payment,1667,1664,1652,158701.11,95.2,1.0,15.55
2018-06-01,2018-06,debit_card,single payment,181,180,180,35649.33,196.96,1.0,3.49
2018-06-01,2018-06,voucher,single payment,324,231,230,23349.04,72.06,1.0,2.29
2018-07-01,2018-07,boleto,single payment,1212,1212,1200,195465.05,161.27,1.0,18.8
2018-07-01,2018-07,credit_card,12+ instalments,11,11,11,2746.83,249.71,16.0,0.26
2018-07-01,2018-07,credit_card,2-3 instalments,1369,1369,1362,192312.03,140.48,2.42,18.49
2018-07-01,2018-07,credit_card,4-6 instalments,978,978,974,198279.19,202.74,4.76,19.07
2018-07-01,2018-07,credit_card,7-12 instalments,687,682,680,239209.46,348.19,8.61,23.0
2018-07-01,2018-07,credit_card,single payment,1669,1666,1648,151817.33,90.96,1.0,14.6
2018-07-01,2018-07,debit_card,single payment,240,240,236,40116.43,167.15,1.0,3.86
2018-07-01,2018-07,voucher,single payment,280,211,210,19933.84,71.19,1.0,1.92
2018-08-01,2018-08,boleto,single payment,1132,1132,1123,142782.54,126.13,1.0,14.32
2018-08-01,2018-08,credit_card,12+ instalments,16,16,16,6384.4,399.03,15.88,0.64
2018-08-01,2018-08,credit_card,2-3 instalments,1513,1508,1502,204997.06,135.49,2.47,20.56
2018-08-01,2018-08,credit_card,4-6 instalments,985,983,977,192731.49,195.67,4.75,19.33
2018-08-01,2018-08,credit_card,7-12 instalments,695,691,688,228757.19,329.15,8.75,22.95
2018-08-01,2018-08,credit_card,single payment,1746,1744,1738,157973.56,90.48,1.0,15.85
2018-08-01,2018-08,debit_card,single payment,276,276,275,45932.26,166.42,1.0,4.61
2018-08-01,2018-08,voucher,single payment,243,180,180,17337.65,71.35,1.0,1.74
2018-09-01,2018-09,voucher,single payment,1,1,1,166.46,166.46,1.0,100.0
